data,punto_id,nome,lat,lon,quota_m,macroarea,tipo,fonte,temperature_2m_max,temperature_2m_min,temperature_2m_mean,precipitation_sum,wind_speed_10m_max
2026-06-04,C03,Perugia,43.11,12.389,485.0,Centro,urbano,era5,25.7,10.5,18.5,0.0,9.8
2026-06-04,C04,Pescara,42.464,14.214,8.0,Centro,costiero,era5,23.8,16.5,20.4,0.0,21.3
2026-06-04,C05,Ancona,43.616,13.519,33.0,Centro,costiero,era5,23.9,13.6,19.7,0.0,18.5
2026-06-04,C07,San Benedetto del Tronto,42.948,13.881,9.0,Centro,costiero,era5,23.3,16.5,20.7,0.0,18.6
2026-06-04,C10,Rieti,42.404,12.862,399.0,Centro,montano,era5,25.3,12.1,19.4,0.0,9.2
2026-06-04,C11,Viterbo,42.42,12.105,347.0,Centro,rurale,era5,27.0,14.2,20.2,0.0,15.3
2026-06-04,C12,Siena,43.319,11.331,347.0,Centro,rurale,era5,26.5,14.6,20.4,0.0,12.7
2026-06-04,I02,Catania,37.51,15.083,34.0,Isole,urbano,era5,27.8,19.9,23.8,0.0,15.7
2026-06-04,I04,Enna,37.567,14.275,926.0,Isole,montano,era5,28.4,12.1,20.3,0.0,14.8
2026-06-04,I07,Sassari,40.727,8.56,213.0,Isole,rurale,era5,25.6,15.8,20.3,0.0,15.3
2026-06-04,I08,Nuoro,40.321,9.33,535.0,Isole,montano,era5,28.9,13.8,21.2,0.0,15.7
2026-06-04,I09,Olbia,40.923,9.499,10.0,Isole,costiero,era5,29.6,17.5,23.2,0.0,21.4
2026-06-04,I10,Fonni,40.117,9.262,909.0,Isole,montano,era5,23.1,10.8,16.9,0.0,13.7
2026-06-04,N01,Milano,45.464,9.19,142.0,Nord,urbano,era5,24.9,17.4,21.1,0.8,14.4
2026-06-04,N02,Torino,45.07,7.687,239.0,Nord,urbano,era5,25.8,16.9,21.4,5.2,12.6
2026-06-04,N03,Bologna,44.494,11.343,74.0,Nord,urbano,era5,29.1,16.4,22.8,0.1,17.0
2026-06-04,N04,Venezia,45.44,12.316,6.0,Nord,costiero,era5,22.7,16.5,20.0,0.0,12.1
2026-06-04,N07,Rimini,44.06,12.566,13.0,Nord,costiero,era5,25.0,14.2,20.6,0.0,24.9
2026-06-04,N08,Sanremo,43.816,7.776,22.0,Nord,costiero,era5,24.1,19.0,21.0,0.2,16.0
2026-06-04,N09,Bolzano,46.498,11.354,279.0,Nord,montano,era5,25.2,10.6,19.1,0.2,8.5
2026-06-04,N12,Sestriere,44.957,6.879,2038.0,Nord,montano,era5,18.7,2.1,9.8,10.8,10.3
2026-06-04,N13,Cuneo,44.39,7.551,542.0,Nord,rurale,era5,23.7,16.5,19.7,1.3,13.0
2026-06-04,N14,Cremona,45.133,10.022,53.0,Nord,rurale,era5,26.2,16.4,21.2,0.5,17.0
2026-06-04,N15,Pordenone,45.957,12.66,28.0,Nord,rurale,era5,24.5,13.8,19.8,0.0,13.0
2026-06-04,S02,Bari,41.117,16.872,9.0,Sud,urbano,era5,23.5,16.8,20.4,0.4,24.2
2026-06-04,S05,Crotone,39.081,17.127,11.0,Sud,costiero,era5,28.5,17.6,23.8,0.0,15.0
2026-06-04,S06,Tropea,38.677,15.898,60.0,Sud,costiero,era5,23.1,20.8,22.2,0.0,16.2
2026-06-04,S07,Gallipoli,40.056,17.992,19.0,Sud,costiero,era5,26.3,19.2,22.6,1.8,21.6
2026-06-04,S08,Potenza,40.642,15.805,760.0,Sud,montano,era5,25.8,10.5,18.6,0.0,14.8
2026-06-04,S09,Campobasso,41.56,14.659,708.0,Sud,montano,era5,25.3,11.8,18.2,0.0,9.8
2026-06-04,S10,Camigliatello Silano,39.299,16.46,1841.0,Sud,montano,era5,17.3,5.8,11.4,0.0,17.0
2026-06-04,S12,Benevento,41.13,14.783,162.0,Sud,rurale,era5,28.0,16.0,21.9,0.1,14.3
2026-06-05,C03,Perugia,43.11,12.389,485.0,Centro,urbano,era5,23.9,12.9,17.8,1.2,17.7
2026-06-05,C04,Pescara,42.464,14.214,8.0,Centro,costiero,era5,24.2,17.5,21.2,0.1,17.6
2026-06-05,C05,Ancona,43.616,13.519,33.0,Centro,costiero,era5,23.7,16.6,20.5,2.6,15.5
2026-06-05,C07,San Benedetto del Tronto,42.948,13.881,9.0,Centro,costiero,era5,23.8,16.1,20.7,0.9,12.7
2026-06-05,C10,Rieti,42.404,12.862,399.0,Centro,montano,era5,23.3,13.2,18.6,0.2,9.2
2026-06-05,C11,Viterbo,42.42,12.105,347.0,Centro,rurale,era5,24.7,14.7,19.3,0.0,15.7
2026-06-05,C12,Siena,43.319,11.331,347.0,Centro,rurale,era5,25.7,14.6,19.9,1.3,14.4
2026-06-05,I02,Catania,37.51,15.083,34.0,Isole,urbano,era5,26.7,19.9,23.7,0.0,14.6
2026-06-05,I04,Enna,37.567,14.275,926.0,Isole,montano,era5,30.4,13.1,21.2,0.0,15.4
2026-06-05,I07,Sassari,40.727,8.56,213.0,Isole,rurale,era5,22.8,16.2,19.5,0.0,14.8
2026-06-05,I08,Nuoro,40.321,9.33,535.0,Isole,montano,era5,28.8,15.9,21.5,2.1,14.6
2026-06-05,I09,Olbia,40.923,9.499,10.0,Isole,costiero,era5,28.8,17.5,23.0,0.2,18.9
2026-06-05,I10,Fonni,40.117,9.262,909.0,Isole,montano,era5,24.0,13.9,18.6,0.3,15.8
2026-06-05,N01,Milano,45.464,9.19,142.0,Nord,urbano,era5,24.5,17.0,20.7,10.5,12.5
2026-06-05,N02,Torino,45.07,7.687,239.0,Nord,urbano,era5,26.6,15.1,20.9,1.9,7.5
2026-06-05,N03,Bologna,44.494,11.343,74.0,Nord,urbano,era5,27.5,19.2,23.0,2.4,17.0
2026-06-05,N04,Venezia,45.44,12.316,6.0,Nord,costiero,era5,22.8,16.6,19.8,11.3,22.9
2026-06-05,N07,Rimini,44.06,12.566,13.0,Nord,costiero,era5,27.5,18.4,21.6,7.1,18.2
2026-06-05,N08,Sanremo,43.816,7.776,22.0,Nord,costiero,era5,23.2,17.0,20.2,2.8,15.1
2026-06-05,N09,Bolzano,46.498,11.354,279.0,Nord,montano,era5,24.7,14.1,19.2,17.3,6.0
2026-06-05,N12,Sestriere,44.957,6.879,2038.0,Nord,montano,era5,15.1,0.7,7.2,0.8,8.2
2026-06-05,N13,Cuneo,44.39,7.551,542.0,Nord,rurale,era5,23.5,15.9,18.7,2.9,7.1
2026-06-05,N14,Cremona,45.133,10.022,53.0,Nord,rurale,era5,25.0,17.6,21.0,15.0,14.1
2026-06-05,N15,Pordenone,45.957,12.66,28.0,Nord,rurale,era5,22.9,16.8,18.8,10.8,17.1
2026-06-05,S02,Bari,41.117,16.872,9.0,Sud,urbano,era5,28.8,18.2,23.9,0.0,20.3
2026-06-05,S05,Crotone,39.081,17.127,11.0,Sud,costiero,era5,29.6,18.1,23.8,0.0,23.8
2026-06-05,S06,Tropea,38.677,15.898,60.0,Sud,costiero,era5,24.3,21.0,22.7,0.0,11.3
2026-06-05,S07,Gallipoli,40.056,17.992,19.0,Sud,costiero,era5,27.2,18.4,22.9,0.0,21.6
2026-06-05,S08,Potenza,40.642,15.805,760.0,Sud,montano,era5,27.7,13.4,20.8,0.0,20.3
2026-06-05,S09,Campobasso,41.56,14.659,708.0,Sud,montano,era5,26.7,11.4,18.9,2.6,9.2
2026-06-05,S10,Camigliatello Silano,39.299,16.46,1841.0,Sud,montano,era5,21.0,7.3,13.9,0.0,16.1
2026-06-05,S12,Benevento,41.13,14.783,162.0,Sud,rurale,era5,28.6,13.8,21.9,0.1,17.8
2026-06-06,C03,Perugia,43.11,12.389,485.0,Centro,urbano,era5,24.1,13.6,18.9,1.6,9.2
2026-06-06,C04,Pescara,42.464,14.214,8.0,Centro,costiero,era5,24.5,18.0,21.5,0.3,13.3
2026-06-06,C05,Ancona,43.616,13.519,33.0,Centro,costiero,era5,23.8,17.5,21.1,0.0,10.7
2026-06-06,C07,San Benedetto del Tronto,42.948,13.881,9.0,Centro,costiero,era5,25.0,17.8,21.6,0.2,13.6
2026-06-06,C10,Rieti,42.404,12.862,399.0,Centro,montano,era5,24.9,14.6,20.2,0.6,9.1
2026-06-06,C11,Viterbo,42.42,12.105,347.0,Centro,rurale,era5,25.9,14.9,20.1,0.0,15.4
2026-06-06,C12,Siena,43.319,11.331,347.0,Centro,rurale,era5,25.0,13.9,19.3,0.0,16.2
2026-06-06,I02,Catania,37.51,15.083,34.0,Isole,urbano,era5,29.2,20.6,25.0,0.0,14.3
2026-06-06,I04,Enna,37.567,14.275,926.0,Isole,montano,era5,30.1,14.8,22.4,0.0,22.0
2026-06-06,I07,Sassari,40.727,8.56,213.0,Isole,rurale,era5,23.7,16.0,19.9,0.0,15.3
2026-06-06,I08,Nuoro,40.321,9.33,535.0,Isole,montano,era5,28.5,16.0,21.2,0.0,14.2
2026-06-06,I09,Olbia,40.923,9.499,10.0,Isole,costiero,era5,28.5,17.4,23.1,0.0,22.4
2026-06-06,I10,Fonni,40.117,9.262,909.0,Isole,montano,era5,23.9,14.6,19.0,0.0,17.3
2026-06-06,N01,Milano,45.464,9.19,142.0,Nord,urbano,era5,24.9,15.7,20.4,13.1,14.8
2026-06-06,N02,Torino,45.07,7.687,239.0,Nord,urbano,era5,27.0,15.6,22.2,0.3,13.0
2026-06-06,N03,Bologna,44.494,11.343,74.0,Nord,urbano,era5,27.0,14.8,21.4,0.0,14.1
2026-06-06,N04,Venezia,45.44,12.316,6.0,Nord,costiero,era5,23.2,15.6,19.6,3.4,20.3
2026-06-06,N07,Rimini,44.06,12.566,13.0,Nord,costiero,era5,24.8,17.8,21.5,0.2,10.8
2026-06-06,N08,Sanremo,43.816,7.776,22.0,Nord,costiero,era5,22.6,16.0,19.5,0.0,13.1
2026-06-06,N09,Bolzano,46.498,11.354,279.0,Nord,montano,era5,24.8,13.9,19.3,3.6,6.3
2026-06-06,N12,Sestriere,44.957,6.879,2038.0,Nord,montano,era5,17.8,5.0,10.7,0.0,12.5
2026-06-06,N13,Cuneo,44.39,7.551,542.0,Nord,rurale,era5,24.6,16.0,19.9,0.0,9.4
2026-06-06,N14,Cremona,45.133,10.022,53.0,Nord,rurale,era5,24.9,16.5,20.3,4.5,18.9
2026-06-06,N15,Pordenone,45.957,12.66,28.0,Nord,rurale,era5,24.6,14.9,20.2,3.2,10.2
2026-06-06,S02,Bari,41.117,16.872,9.0,Sud,urbano,era5,29.2,18.8,24.8,0.1,12.5
2026-06-06,S05,Crotone,39.081,17.127,11.0,Sud,costiero,era5,29.5,18.0,24.2,0.0,19.1
2026-06-06,S06,Tropea,38.677,15.898,60.0,Sud,costiero,era5,24.1,20.5,22.8,0.0,12.9
2026-06-06,S07,Gallipoli,40.056,17.992,19.0,Sud,costiero,era5,27.8,19.5,23.9,0.0,21.7
2026-06-06,S08,Potenza,40.642,15.805,760.0,Sud,montano,era5,29.4,15.5,22.1,0.0,23.0
2026-06-06,S09,Campobasso,41.56,14.659,708.0,Sud,montano,era5,27.0,14.7,20.7,0.3,11.8
2026-06-06,S10,Camigliatello Silano,39.299,16.46,1841.0,Sud,montano,era5,21.5,8.6,14.6,0.0,17.1
2026-06-06,S12,Benevento,41.13,14.783,162.0,Sud,rurale,era5,30.0,16.6,23.5,0.1,17.7
2026-06-07,C03,Perugia,43.11,12.389,485.0,Centro,urbano,era5,26.6,11.9,19.9,0.0,11.5
2026-06-07,C04,Pescara,42.464,14.214,8.0,Centro,costiero,era5,25.6,17.0,22.1,0.0,12.2
2026-06-07,C05,Ancona,43.616,13.519,33.0,Centro,costiero,era5,25.4,15.4,21.3,0.0,10.3
2026-06-07,C07,San Benedetto del Tronto,42.948,13.881,9.0,Centro,costiero,era5,25.9,18.5,22.9,0.0,14.8
2026-06-07,C10,Rieti,42.404,12.862,399.0,Centro,montano,era5,27.4,14.2,21.7,0.0,10.7
2026-06-07,C11,Viterbo,42.42,12.105,347.0,Centro,rurale,era5,28.5,13.6,21.3,0.0,17.3
2026-06-07,C12,Siena,43.319,11.331,347.0,Centro,rurale,era5,28.4,13.9,21.0,0.0,18.0
2026-06-07,I02,Catania,37.51,15.083,34.0,Isole,urbano,era5,28.9,21.0,25.2,0.0,16.1
2026-06-07,I04,Enna,37.567,14.275,926.0,Isole,montano,era5,31.0,15.7,22.6,0.0,12.9
2026-06-07,I07,Sassari,40.727,8.56,213.0,Isole,rurale,era5,26.8,15.9,21.1,0.0,13.2
2026-06-07,I08,Nuoro,40.321,9.33,535.0,Isole,montano,era5,29.6,15.4,21.1,0.0,12.3
2026-06-07,I09,Olbia,40.923,9.499,10.0,Isole,costiero,era5,28.3,15.7,22.6,0.0,13.8
2026-06-07,I10,Fonni,40.117,9.262,909.0,Isole,montano,era5,25.8,14.8,20.0,0.0,16.5
2026-06-07,N01,Milano,45.464,9.19,142.0,Nord,urbano,era5,27.6,17.6,23.1,0.4,8.9
2026-06-07,N02,Torino,45.07,7.687,239.0,Nord,urbano,era5,30.0,18.0,24.3,0.8,7.5
2026-06-07,N03,Bologna,44.494,11.343,74.0,Nord,urbano,era5,30.0,16.5,24.0,0.0,11.9
2026-06-07,N04,Venezia,45.44,12.316,6.0,Nord,costiero,era5,25.9,17.1,22.1,0.0,9.4
2026-06-07,N07,Rimini,44.06,12.566,13.0,Nord,costiero,era5,25.8,16.9,22.0,0.0,11.8
2026-06-07,N08,Sanremo,43.816,7.776,22.0,Nord,costiero,era5,24.0,14.6,20.0,0.0,12.2
2026-06-07,N09,Bolzano,46.498,11.354,279.0,Nord,montano,era5,27.8,14.6,21.4,0.7,7.3
2026-06-07,N12,Sestriere,44.957,6.879,2038.0,Nord,montano,era5,19.6,4.0,11.6,0.0,7.7
2026-06-07,N13,Cuneo,44.39,7.551,542.0,Nord,rurale,era5,26.0,13.9,20.5,0.3,7.6
2026-06-07,N14,Cremona,45.133,10.022,53.0,Nord,rurale,era5,28.2,16.9,22.6,0.0,9.7
2026-06-07,N15,Pordenone,45.957,12.66,28.0,Nord,rurale,era5,27.9,15.9,22.3,0.5,7.2
2026-06-07,S02,Bari,41.117,16.872,9.0,Sud,urbano,era5,27.5,20.3,24.0,0.0,15.4
2026-06-07,S05,Crotone,39.081,17.127,11.0,Sud,costiero,era5,31.2,20.9,26.5,0.0,20.1
2026-06-07,S06,Tropea,38.677,15.898,60.0,Sud,costiero,era5,23.5,21.1,22.5,0.0,14.4
2026-06-07,S07,Gallipoli,40.056,17.992,19.0,Sud,costiero,era5,31.1,19.8,25.5,0.1,20.1
2026-06-07,S08,Potenza,40.642,15.805,760.0,Sud,montano,era5,28.6,15.7,22.2,0.6,12.4
2026-06-07,S09,Campobasso,41.56,14.659,708.0,Sud,montano,era5,27.4,14.3,20.5,0.0,12.9
2026-06-07,S10,Camigliatello Silano,39.299,16.46,1841.0,Sud,montano,era5,21.1,8.9,14.5,0.4,15.1
2026-06-07,S12,Benevento,41.13,14.783,162.0,Sud,rurale,era5,31.4,16.1,23.8,0.0,17.7
2026-06-08,C03,Perugia,43.11,12.389,485.0,Centro,urbano,era5,27.1,14.0,21.1,0.0,11.0
2026-06-08,C04,Pescara,42.464,14.214,8.0,Centro,costiero,era5,27.5,18.5,23.4,0.0,12.5
2026-06-08,C05,Ancona,43.616,13.519,33.0,Centro,costiero,era5,27.0,16.6,22.5,0.0,11.7
2026-06-08,C07,San Benedetto del Tronto,42.948,13.881,9.0,Centro,costiero,era5,27.4,18.0,23.7,0.0,15.4
2026-06-08,C10,Rieti,42.404,12.862,399.0,Centro,montano,era5,28.4,16.3,22.9,0.0,10.7
2026-06-08,C11,Viterbo,42.42,12.105,347.0,Centro,rurale,era5,29.3,16.8,22.7,0.0,16.6
2026-06-08,C12,Siena,43.319,11.331,347.0,Centro,rurale,era5,29.8,14.5,21.7,0.0,17.4
2026-06-08,I02,Catania,37.51,15.083,34.0,Isole,urbano,era5,28.6,20.5,24.5,0.0,15.3
2026-06-08,I04,Enna,37.567,14.275,926.0,Isole,montano,era5,29.8,13.8,21.8,0.0,18.5
2026-06-08,I07,Sassari,40.727,8.56,213.0,Isole,rurale,era5,28.6,17.9,23.3,0.0,15.1
2026-06-08,I08,Nuoro,40.321,9.33,535.0,Isole,montano,era5,29.3,16.9,22.0,0.0,11.9
2026-06-08,I09,Olbia,40.923,9.499,10.0,Isole,costiero,era5,29.1,16.4,24.3,0.0,15.6
2026-06-08,I10,Fonni,40.117,9.262,909.0,Isole,montano,era5,26.7,15.6,20.7,0.0,19.7
2026-06-08,N01,Milano,45.464,9.19,142.0,Nord,urbano,era5,29.4,19.2,24.7,0.1,11.1
2026-06-08,N02,Torino,45.07,7.687,239.0,Nord,urbano,era5,30.8,18.8,25.1,0.2,11.6
2026-06-08,N03,Bologna,44.494,11.343,74.0,Nord,urbano,era5,31.1,18.5,25.3,0.0,14.5
2026-06-08,N04,Venezia,45.44,12.316,6.0,Nord,costiero,era5,28.0,18.2,23.5,0.0,8.0
2026-06-08,N07,Rimini,44.06,12.566,13.0,Nord,costiero,era5,27.5,18.5,23.9,0.0,11.8
2026-06-08,N08,Sanremo,43.816,7.776,22.0,Nord,costiero,era5,25.1,15.4,21.1,0.0,10.9
2026-06-08,N09,Bolzano,46.498,11.354,279.0,Nord,montano,era5,28.8,14.9,21.7,2.4,7.1
2026-06-08,N12,Sestriere,44.957,6.879,2038.0,Nord,montano,era5,20.6,1.9,12.1,0.0,7.8
2026-06-08,N13,Cuneo,44.39,7.551,542.0,Nord,rurale,era5,27.9,15.3,21.8,0.0,10.0
2026-06-08,N14,Cremona,45.133,10.022,53.0,Nord,rurale,era5,29.8,18.1,24.5,0.0,7.1
2026-06-08,N15,Pordenone,45.957,12.66,28.0,Nord,rurale,era5,30.0,17.0,23.9,0.0,8.7
2026-06-08,S02,Bari,41.117,16.872,9.0,Sud,urbano,era5,29.0,18.2,24.1,0.0,14.2
2026-06-08,S05,Crotone,39.081,17.127,11.0,Sud,costiero,era5,30.3,20.4,26.1,0.1,16.9
2026-06-08,S06,Tropea,38.677,15.898,60.0,Sud,costiero,era5,23.0,20.0,21.7,0.0,13.0
2026-06-08,S07,Gallipoli,40.056,17.992,19.0,Sud,costiero,era5,29.4,20.0,25.0,0.0,14.6
2026-06-08,S08,Potenza,40.642,15.805,760.0,Sud,montano,era5,28.9,16.0,22.5,0.2,10.3
2026-06-08,S09,Campobasso,41.56,14.659,708.0,Sud,montano,era5,26.9,16.0,21.6,0.1,8.4
2026-06-08,S10,Camigliatello Silano,39.299,16.46,1841.0,Sud,montano,era5,18.4,9.4,13.8,1.0,14.3
2026-06-08,S12,Benevento,41.13,14.783,162.0,Sud,rurale,era5,30.5,17.9,24.2,0.8,13.8
2026-06-09,C03,Perugia,43.11,12.389,485.0,Centro,urbano,era5,27.5,14.3,21.2,0.0,15.7
2026-06-09,C04,Pescara,42.464,14.214,8.0,Centro,costiero,era5,29.5,19.8,25.2,0.0,15.0
2026-06-09,C05,Ancona,43.616,13.519,33.0,Centro,costiero,era5,29.9,17.9,24.4,0.0,17.1
2026-06-09,C07,San Benedetto del Tronto,42.948,13.881,9.0,Centro,costiero,era5,28.0,19.8,24.7,0.0,15.5
2026-06-09,C10,Rieti,42.404,12.862,399.0,Centro,montano,era5,28.3,16.5,22.7,0.1,10.0
2026-06-09,C11,Viterbo,42.42,12.105,347.0,Centro,rurale,era5,29.4,15.9,22.2,0.0,16.3
2026-06-09,C12,Siena,43.319,11.331,347.0,Centro,rurale,era5,29.0,14.8,22.1,0.0,15.4
2026-06-09,I02,Catania,37.51,15.083,34.0,Isole,urbano,era5,29.0,19.5,24.5,0.0,14.8
2026-06-09,I04,Enna,37.567,14.275,926.0,Isole,montano,era5,31.2,12.0,21.4,0.0,15.1
2026-06-09,I07,Sassari,40.727,8.56,213.0,Isole,rurale,era5,28.0,17.0,22.8,0.0,14.4
2026-06-09,I08,Nuoro,40.321,9.33,535.0,Isole,montano,era5,29.7,17.0,23.1,0.0,12.2
2026-06-09,I09,Olbia,40.923,9.499,10.0,Isole,costiero,era5,29.9,17.3,24.9,0.0,16.4
2026-06-09,I10,Fonni,40.117,9.262,909.0,Isole,montano,era5,27.2,16.0,21.1,0.0,19.5
2026-06-09,N01,Milano,45.464,9.19,142.0,Nord,urbano,era5,30.2,20.5,24.5,1.2,16.4
2026-06-09,N02,Torino,45.07,7.687,239.0,Nord,urbano,era5,29.5,18.8,23.9,1.0,10.7
2026-06-09,N03,Bologna,44.494,11.343,74.0,Nord,urbano,era5,32.0,20.4,26.3,0.0,18.7
2026-06-09,N04,Venezia,45.44,12.316,6.0,Nord,costiero,era5,26.3,19.5,23.2,0.0,14.1
2026-06-09,N07,Rimini,44.06,12.566,13.0,Nord,costiero,era5,28.4,18.8,24.4,0.0,15.6
2026-06-09,N08,Sanremo,43.816,7.776,22.0,Nord,costiero,era5,24.7,18.4,21.8,0.0,10.3
2026-06-09,N09,Bolzano,46.498,11.354,279.0,Nord,montano,era5,26.6,16.7,20.3,41.3,5.6
2026-06-09,N12,Sestriere,44.957,6.879,2038.0,Nord,montano,era5,18.5,4.5,11.9,0.2,17.1
2026-06-09,N13,Cuneo,44.39,7.551,542.0,Nord,rurale,era5,26.9,15.9,21.5,0.1,12.0
2026-06-09,N14,Cremona,45.133,10.022,53.0,Nord,rurale,era5,29.5,19.8,24.6,0.2,11.4
2026-06-09,N15,Pordenone,45.957,12.66,28.0,Nord,rurale,era5,28.2,19.1,23.9,0.8,8.0
2026-06-09,S02,Bari,41.117,16.872,9.0,Sud,urbano,era5,30.9,19.5,25.8,0.0,14.0
2026-06-09,S05,Crotone,39.081,17.127,11.0,Sud,costiero,era5,30.3,21.1,26.3,0.2,14.1
2026-06-09,S06,Tropea,38.677,15.898,60.0,Sud,costiero,era5,23.1,19.9,21.9,0.0,14.3
2026-06-09,S07,Gallipoli,40.056,17.992,19.0,Sud,costiero,era5,29.7,19.4,24.8,0.0,18.9
2026-06-09,S08,Potenza,40.642,15.805,760.0,Sud,montano,era5,28.5,16.1,22.0,2.1,11.9
2026-06-09,S09,Campobasso,41.56,14.659,708.0,Sud,montano,era5,28.4,15.2,21.8,0.1,9.1
2026-06-09,S10,Camigliatello Silano,39.299,16.46,1841.0,Sud,montano,era5,20.1,9.0,14.3,0.2,16.3
2026-06-09,S12,Benevento,41.13,14.783,162.0,Sud,rurale,era5,31.5,17.4,24.1,0.0,16.7
2026-06-10,C02,Firenze,43.77,11.255,67.0,Centro,urbano,forecast,30.2,17.0,23.3,0.0,20.5
2026-06-10,C03,Perugia,43.11,12.389,485.0,Centro,urbano,era5,27.9,14.2,21.2,0.2,21.3
2026-06-10,C04,Pescara,42.464,14.214,8.0,Centro,costiero,era5,31.8,21.0,27.1,0.4,17.8
2026-06-10,C05,Ancona,43.616,13.519,33.0,Centro,costiero,era5,30.6,17.9,25.2,1.1,15.2
2026-06-10,C06,Grosseto,42.76,11.113,15.0,Centro,costiero,forecast,27.8,16.9,22.9,0.0,19.8
2026-06-10,C07,San Benedetto del Tronto,42.948,13.881,9.0,Centro,costiero,era5,29.3,20.8,25.5,0.7,22.1
2026-06-10,C10,Rieti,42.404,12.862,399.0,Centro,montano,era5,27.3,17.0,22.3,0.2,15.1
2026-06-10,C11,Viterbo,42.42,12.105,347.0,Centro,rurale,era5,28.2,15.8,21.8,0.0,16.7
2026-06-10,C12,Siena,43.319,11.331,347.0,Centro,rurale,era5,29.0,15.9,22.3,1.3,19.5
2026-06-10,I01,Palermo,38.116,13.361,31.0,Isole,costiero,forecast,28.2,19.4,24.5,0.0,11.3
2026-06-10,I02,Catania,37.51,15.083,34.0,Isole,urbano,era5,30.6,20.6,25.8,0.0,13.6
2026-06-10,I04,Enna,37.567,14.275,926.0,Isole,montano,era5,32.1,13.0,22.1,0.5,17.2
2026-06-10,I05,Nicolosi (Etna),37.616,15.024,723.0,Isole,montano,forecast,27.1,18.2,22.7,0.0,14.9
2026-06-10,I06,Cagliari,39.224,9.122,33.0,Isole,costiero,forecast,31.4,18.3,24.8,0.0,24.7
2026-06-10,I07,Sassari,40.727,8.56,213.0,Isole,rurale,era5,25.9,18.2,21.5,0.0,18.3
2026-06-10,I08,Nuoro,40.321,9.33,535.0,Isole,montano,era5,32.7,18.2,24.5,0.0,10.8
2026-06-10,I09,Olbia,40.923,9.499,10.0,Isole,costiero,era5,32.9,19.8,25.7,0.0,21.1
2026-06-10,I10,Fonni,40.117,9.262,909.0,Isole,montano,era5,27.0,16.2,21.2,0.3,17.5
2026-06-10,N01,Milano,45.464,9.19,142.0,Nord,urbano,era5,24.8,18.2,21.3,5.9,16.8
2026-06-10,N02,Torino,45.07,7.687,239.0,Nord,urbano,era5,27.6,17.5,22.1,2.7,14.4
2026-06-10,N03,Bologna,44.494,11.343,74.0,Nord,urbano,era5,31.1,19.9,25.4,0.0,24.1
2026-06-10,N04,Venezia,45.44,12.316,6.0,Nord,costiero,era5,25.9,18.3,21.1,8.1,24.9
2026-06-10,N05,Genova,44.405,8.946,11.0,Nord,costiero,forecast,24.3,20.4,22.6,0.0,22.2
2026-06-10,N06,Trieste,45.649,13.776,27.0,Nord,costiero,forecast,28.6,21.0,24.0,2.0,22.4
2026-06-10,N07,Rimini,44.06,12.566,13.0,Nord,costiero,era5,33.3,20.5,26.7,0.1,22.6
2026-06-10,N08,Sanremo,43.816,7.776,22.0,Nord,costiero,era5,28.0,18.2,22.9,0.0,28.6
2026-06-10,N09,Bolzano,46.498,11.354,279.0,Nord,montano,era5,19.4,13.5,17.2,28.0,7.4
2026-06-10,N10,Cortina d'Ampezzo,46.54,12.135,1220.0,Nord,montano,forecast,14.8,6.4,12.0,34.8,22.4
2026-06-10,N11,Aosta,45.737,7.32,585.0,Nord,montano,forecast,24.0,14.3,19.1,0.0,32.8
2026-06-10,N12,Sestriere,44.957,6.879,2038.0,Nord,montano,era5,13.4,3.3,8.2,0.1,17.7
2026-06-10,N13,Cuneo,44.39,7.551,542.0,Nord,rurale,era5,23.8,15.4,19.5,1.6,10.2
2026-06-10,N14,Cremona,45.133,10.022,53.0,Nord,rurale,era5,30.1,18.2,22.1,8.9,28.9
2026-06-10,N15,Pordenone,45.957,12.66,28.0,Nord,rurale,era5,24.2,17.7,19.9,31.6,19.6
2026-06-10,S01,Napoli,40.852,14.268,19.0,Sud,urbano,forecast,28.0,18.8,24.0,0.0,12.8
2026-06-10,S02,Bari,41.117,16.872,9.0,Sud,urbano,era5,32.6,21.4,27.5,0.0,18.7
2026-06-10,S03,Lecce,40.352,18.174,55.0,Sud,urbano,forecast,31.1,18.1,25.2,0.0,13.7
2026-06-10,S05,Crotone,39.081,17.127,11.0,Sud,costiero,era5,31.0,20.0,25.9,0.0,16.9
2026-06-10,S06,Tropea,38.677,15.898,60.0,Sud,costiero,era5,24.3,20.2,22.8,0.0,11.7
2026-06-10,S07,Gallipoli,40.056,17.992,19.0,Sud,costiero,era5,28.7,20.8,24.9,0.0,16.6
2026-06-10,S08,Potenza,40.642,15.805,760.0,Sud,montano,era5,31.1,16.4,23.2,0.0,22.1
2026-06-10,S09,Campobasso,41.56,14.659,708.0,Sud,montano,era5,29.1,14.8,22.0,0.0,12.4
2026-06-10,S10,Camigliatello Silano,39.299,16.46,1841.0,Sud,montano,era5,19.0,9.7,14.5,2.2,12.0
2026-06-10,S11,Matera,40.666,16.604,407.0,Sud,rurale,forecast,30.3,18.5,24.5,0.0,19.2
2026-06-10,S12,Benevento,41.13,14.783,162.0,Sud,rurale,era5,31.8,16.8,24.2,0.0,15.7
2026-06-11,C02,Firenze,43.77,11.255,67.0,Centro,urbano,forecast,28.0,14.6,21.7,0.0,14.4
2026-06-11,C03,Perugia,43.11,12.389,485.0,Centro,urbano,era5,25.0,15.9,20.0,0.4,17.2
2026-06-11,C04,Pescara,42.464,14.214,8.0,Centro,costiero,era5,25.2,21.0,23.0,3.0,20.7
2026-06-11,C05,Ancona,43.616,13.519,33.0,Centro,costiero,era5,24.3,20.1,22.3,2.0,25.1
2026-06-11,C06,Grosseto,42.76,11.113,15.0,Centro,costiero,forecast,29.1,17.0,23.1,0.0,18.9
2026-06-11,C07,San Benedetto del Tronto,42.948,13.881,9.0,Centro,costiero,era5,25.4,20.1,22.8,5.7,19.9
2026-06-11,C10,Rieti,42.404,12.862,399.0,Centro,montano,era5,24.1,17.5,20.9,0.4,12.7
2026-06-11,C11,Viterbo,42.42,12.105,347.0,Centro,rurale,era5,25.7,15.8,20.8,0.8,13.8
2026-06-11,C12,Siena,43.319,11.331,347.0,Centro,rurale,era5,27.2,14.9,21.1,0.0,16.6
2026-06-11,I01,Palermo,38.116,13.361,31.0,Isole,costiero,forecast,27.9,20.6,24.5,0.0,16.8
2026-06-11,I02,Catania,37.51,15.083,34.0,Isole,urbano,era5,30.5,22.1,26.8,0.0,15.8
2026-06-11,I04,Enna,37.567,14.275,926.0,Isole,montano,era5,29.6,15.4,22.2,0.3,21.9
2026-06-11,I05,Nicolosi (Etna),37.616,15.024,723.0,Isole,montano,forecast,29.0,20.7,24.2,0.3,15.1
2026-06-11,I06,Cagliari,39.224,9.122,33.0,Isole,costiero,forecast,25.6,18.7,22.0,0.0,31.1
2026-06-11,I07,Sassari,40.727,8.56,213.0,Isole,rurale,era5,23.1,16.8,19.8,0.0,21.7
2026-06-11,I08,Nuoro,40.321,9.33,535.0,Isole,montano,era5,25.6,16.5,20.6,0.0,26.8
2026-06-11,I09,Olbia,40.923,9.499,10.0,Isole,costiero,era5,26.8,19.2,22.6,0.0,22.1
2026-06-11,I10,Fonni,40.117,9.262,909.0,Isole,montano,era5,19.8,11.9,15.8,0.0,19.5
2026-06-11,N01,Milano,45.464,9.19,142.0,Nord,urbano,era5,28.6,17.6,23.2,0.0,16.8
2026-06-11,N02,Torino,45.07,7.687,239.0,Nord,urbano,era5,28.8,16.6,23.3,0.0,11.2
2026-06-11,N03,Bologna,44.494,11.343,74.0,Nord,urbano,era5,26.3,17.6,21.8,0.0,13.0
2026-06-11,N04,Venezia,45.44,12.316,6.0,Nord,costiero,era5,24.1,14.9,19.6,0.0,20.9
2026-06-11,N05,Genova,44.405,8.946,11.0,Nord,costiero,forecast,28.6,17.7,23.0,0.0,23.4
2026-06-11,N06,Trieste,45.649,13.776,27.0,Nord,costiero,forecast,23.2,18.1,20.3,0.0,34.5
2026-06-11,N07,Rimini,44.06,12.566,13.0,Nord,costiero,era5,24.1,19.5,21.8,1.0,23.2
2026-06-11,N08,Sanremo,43.816,7.776,22.0,Nord,costiero,era5,25.5,18.1,22.2,0.0,16.8
2026-06-11,N09,Bolzano,46.498,11.354,279.0,Nord,montano,era5,23.6,10.3,16.9,0.0,10.8
2026-06-11,N10,Cortina d'Ampezzo,46.54,12.135,1220.0,Nord,montano,forecast,15.4,3.4,9.9,0.0,18.1
2026-06-11,N11,Aosta,45.737,7.32,585.0,Nord,montano,forecast,24.9,13.4,19.2,0.0,21.3
2026-06-11,N12,Sestriere,44.957,6.879,2038.0,Nord,montano,era5,14.1,1.1,7.3,0.0,13.5
2026-06-11,N13,Cuneo,44.39,7.551,542.0,Nord,rurale,era5,24.4,15.7,19.8,0.0,8.2
2026-06-11,N14,Cremona,45.133,10.022,53.0,Nord,rurale,era5,27.2,15.8,21.6,0.0,11.7
2026-06-11,N15,Pordenone,45.957,12.66,28.0,Nord,rurale,era5,24.9,12.6,19.4,0.2,14.6
2026-06-11,S01,Napoli,40.852,14.268,19.0,Sud,urbano,forecast,27.9,19.8,23.5,0.0,16.6
2026-06-11,S02,Bari,41.117,16.872,9.0,Sud,urbano,era5,32.7,21.0,26.8,1.2,16.2
2026-06-11,S03,Lecce,40.352,18.174,55.0,Sud,urbano,forecast,32.4,19.5,25.9,0.0,16.1
2026-06-11,S05,Crotone,39.081,17.127,11.0,Sud,costiero,era5,33.7,19.9,27.4,0.0,21.0
2026-06-11,S06,Tropea,38.677,15.898,60.0,Sud,costiero,era5,25.5,21.5,23.8,0.0,11.1
2026-06-11,S07,Gallipoli,40.056,17.992,19.0,Sud,costiero,era5,29.1,21.7,25.4,0.0,20.8
2026-06-11,S08,Potenza,40.642,15.805,760.0,Sud,montano,era5,28.5,17.1,22.1,0.9,18.5
2026-06-11,S09,Campobasso,41.56,14.659,708.0,Sud,montano,era5,26.3,14.4,19.8,2.4,15.6
2026-06-11,S10,Camigliatello Silano,39.299,16.46,1841.0,Sud,montano,era5,20.7,9.7,14.8,0.0,19.3
2026-06-11,S11,Matera,40.666,16.604,407.0,Sud,rurale,forecast,30.7,19.4,24.5,2.1,16.9
2026-06-11,S12,Benevento,41.13,14.783,162.0,Sud,rurale,era5,29.9,17.0,23.1,0.7,17.8
2026-06-12,C02,Firenze,43.77,11.255,67.0,Centro,urbano,forecast,28.7,13.5,21.8,0.0,12.6
2026-06-12,C03,Perugia,43.11,12.389,485.0,Centro,urbano,era5,25.2,12.7,19.3,0.0,13.4
2026-06-12,C04,Pescara,42.464,14.214,8.0,Centro,costiero,era5,24.0,18.8,21.5,0.4,20.4
2026-06-12,C05,Ancona,43.616,13.519,33.0,Centro,costiero,era5,25.0,16.7,21.4,0.0,15.5
2026-06-12,C06,Grosseto,42.76,11.113,15.0,Centro,costiero,forecast,30.1,15.3,23.1,0.0,18.2
2026-06-12,C07,San Benedetto del Tronto,42.948,13.881,9.0,Centro,costiero,era5,24.8,18.0,21.6,0.0,20.5
2026-06-12,C10,Rieti,42.404,12.862,399.0,Centro,montano,era5,27.5,11.9,20.9,0.0,10.3
2026-06-12,C11,Viterbo,42.42,12.105,347.0,Centro,rurale,era5,26.5,14.4,20.8,0.0,18.7
2026-06-12,C12,Siena,43.319,11.331,347.0,Centro,rurale,era5,28.2,13.4,21.3,0.0,12.2
2026-06-12,I01,Palermo,38.116,13.361,31.0,Isole,costiero,forecast,26.0,20.6,23.5,0.0,18.7
2026-06-12,I02,Catania,37.51,15.083,34.0,Isole,urbano,era5,27.3,21.6,24.5,0.2,17.6
2026-06-12,I04,Enna,37.567,14.275,926.0,Isole,montano,era5,24.5,14.3,19.1,0.0,24.2
2026-06-12,I05,Nicolosi (Etna),37.616,15.024,723.0,Isole,montano,forecast,23.6,16.7,20.2,0.0,14.8
2026-06-12,I06,Cagliari,39.224,9.122,33.0,Isole,costiero,forecast,28.0,17.0,22.2,0.0,18.3
2026-06-12,I07,Sassari,40.727,8.56,213.0,Isole,rurale,era5,27.8,14.6,21.3,0.0,17.5
2026-06-12,I08,Nuoro,40.321,9.33,535.0,Isole,montano,era5,27.7,13.6,21.0,0.0,15.2
2026-06-12,I09,Olbia,40.923,9.499,10.0,Isole,costiero,era5,29.1,15.8,23.6,0.0,14.1
2026-06-12,I10,Fonni,40.117,9.262,909.0,Isole,montano,era5,24.9,12.1,18.6,0.0,13.2
2026-06-12,N01,Milano,45.464,9.19,142.0,Nord,urbano,era5,30.1,18.5,24.6,0.0,11.6
2026-06-12,N02,Torino,45.07,7.687,239.0,Nord,urbano,era5,29.9,16.1,23.9,0.0,9.9
2026-06-12,N03,Bologna,44.494,11.343,74.0,Nord,urbano,era5,28.4,15.4,22.4,0.0,11.9
2026-06-12,N04,Venezia,45.44,12.316,6.0,Nord,costiero,era5,24.0,15.4,20.5,0.0,19.0
2026-06-12,N05,Genova,44.405,8.946,11.0,Nord,costiero,forecast,24.9,17.0,21.9,0.0,12.6
2026-06-12,N06,Trieste,45.649,13.776,27.0,Nord,costiero,forecast,23.8,17.2,20.7,0.0,25.1
2026-06-12,N07,Rimini,44.06,12.566,13.0,Nord,costiero,era5,25.0,16.5,21.4,0.0,15.5
2026-06-12,N08,Sanremo,43.816,7.776,22.0,Nord,costiero,era5,26.1,15.8,22.2,0.0,11.7
2026-06-12,N09,Bolzano,46.498,11.354,279.0,Nord,montano,era5,21.8,10.7,16.8,0.0,4.4
2026-06-12,N10,Cortina d'Ampezzo,46.54,12.135,1220.0,Nord,montano,forecast,16.4,3.6,10.7,0.0,21.0
2026-06-12,N11,Aosta,45.737,7.32,585.0,Nord,montano,forecast,30.4,15.0,23.2,0.0,23.4
2026-06-12,N12,Sestriere,44.957,6.879,2038.0,Nord,montano,era5,21.3,1.9,11.5,0.0,13.3
2026-06-12,N13,Cuneo,44.39,7.551,542.0,Nord,rurale,era5,26.3,14.4,20.6,0.0,7.7
2026-06-12,N14,Cremona,45.133,10.022,53.0,Nord,rurale,era5,28.4,17.5,23.3,0.0,15.2
2026-06-12,N15,Pordenone,45.957,12.66,28.0,Nord,rurale,era5,24.8,14.2,20.2,0.0,10.2
2026-06-12,S01,Napoli,40.852,14.268,19.0,Sud,urbano,forecast,29.1,18.4,23.4,0.0,15.8
2026-06-12,S02,Bari,41.117,16.872,9.0,Sud,urbano,era5,24.0,19.5,21.7,3.0,27.8
2026-06-12,S03,Lecce,40.352,18.174,55.0,Sud,urbano,forecast,25.5,20.5,22.6,4.3,27.9
2026-06-12,S05,Crotone,39.081,17.127,11.0,Sud,costiero,era5,28.3,20.3,24.2,0.6,28.6
2026-06-12,S06,Tropea,38.677,15.898,60.0,Sud,costiero,era5,24.0,21.9,23.0,1.2,17.2
2026-06-12,S07,Gallipoli,40.056,17.992,19.0,Sud,costiero,era5,27.6,19.7,23.3,2.7,31.8
2026-06-12,S08,Potenza,40.642,15.805,760.0,Sud,montano,era5,22.6,13.8,17.8,0.0,21.3
2026-06-12,S09,Campobasso,41.56,14.659,708.0,Sud,montano,era5,21.5,14.0,17.3,0.0,22.6
2026-06-12,S10,Camigliatello Silano,39.299,16.46,1841.0,Sud,montano,era5,16.5,6.6,11.2,0.7,15.4
2026-06-12,S11,Matera,40.666,16.604,407.0,Sud,rurale,forecast,24.3,17.1,20.3,0.0,26.5
2026-06-12,S12,Benevento,41.13,14.783,162.0,Sud,rurale,era5,26.7,17.5,21.9,0.0,19.8
2026-06-13,C02,Firenze,43.77,11.255,67.0,Centro,urbano,forecast,30.9,14.8,22.8,0.0,13.6
2026-06-13,C03,Perugia,43.11,12.389,485.0,Centro,urbano,era5,28.2,12.0,20.9,0.0,10.7
2026-06-13,C04,Pescara,42.464,14.214,8.0,Centro,costiero,era5,26.5,17.0,22.3,0.0,12.5
2026-06-13,C05,Ancona,43.616,13.519,33.0,Centro,costiero,era5,26.7,14.3,21.9,0.0,14.1
2026-06-13,C06,Grosseto,42.76,11.113,15.0,Centro,costiero,forecast,31.8,14.3,23.4,0.0,17.9
2026-06-13,C07,San Benedetto del Tronto,42.948,13.881,9.0,Centro,costiero,era5,25.6,15.2,21.7,0.0,12.7
2026-06-13,C10,Rieti,42.404,12.862,399.0,Centro,montano,era5,29.1,14.1,22.6,0.0,12.1
2026-06-13,C11,Viterbo,42.42,12.105,347.0,Centro,rurale,era5,29.7,16.2,22.9,0.0,17.8
2026-06-13,C12,Siena,43.319,11.331,347.0,Centro,rurale,era5,30.2,15.9,23.0,0.0,14.5
2026-06-13,I01,Palermo,38.116,13.361,31.0,Isole,costiero,forecast,27.2,20.0,23.6,0.0,8.7
2026-06-13,I02,Catania,37.51,15.083,34.0,Isole,urbano,era5,28.4,19.7,24.2,0.0,13.4
2026-06-13,I04,Enna,37.567,14.275,926.0,Isole,montano,era5,25.8,12.3,19.4,0.0,23.3
2026-06-13,I05,Nicolosi (Etna),37.616,15.024,723.0,Isole,montano,forecast,24.7,15.9,20.0,0.1,14.6
2026-06-13,I06,Cagliari,39.224,9.122,33.0,Isole,costiero,forecast,30.8,17.5,23.6,0.0,18.6
2026-06-13,I07,Sassari,40.727,8.56,213.0,Isole,rurale,era5,29.4,17.0,23.2,0.0,14.1
2026-06-13,I08,Nuoro,40.321,9.33,535.0,Isole,montano,era5,31.2,15.9,22.6,0.0,19.6
2026-06-13,I09,Olbia,40.923,9.499,10.0,Isole,costiero,era5,30.4,16.5,24.8,0.0,15.2
2026-06-13,I10,Fonni,40.117,9.262,909.0,Isole,montano,era5,27.6,15.1,20.7,0.0,16.2
2026-06-13,N01,Milano,45.464,9.19,142.0,Nord,urbano,era5,34.0,20.1,27.2,0.0,15.3
2026-06-13,N02,Torino,45.07,7.687,239.0,Nord,urbano,era5,33.7,17.5,26.8,0.0,11.6
2026-06-13,N03,Bologna,44.494,11.343,74.0,Nord,urbano,era5,32.7,18.1,25.8,0.0,18.0
2026-06-13,N04,Venezia,45.44,12.316,6.0,Nord,costiero,era5,24.4,16.3,21.3,0.0,12.2
2026-06-13,N05,Genova,44.405,8.946,11.0,Nord,costiero,forecast,24.8,16.6,21.6,0.0,9.2
2026-06-13,N06,Trieste,45.649,13.776,27.0,Nord,costiero,forecast,25.5,16.7,21.7,0.0,9.4
2026-06-13,N07,Rimini,44.06,12.566,13.0,Nord,costiero,era5,28.4,17.0,23.6,0.0,15.7
2026-06-13,N08,Sanremo,43.816,7.776,22.0,Nord,costiero,era5,27.7,17.6,22.7,0.0,12.2
2026-06-13,N09,Bolzano,46.498,11.354,279.0,Nord,montano,era5,28.9,12.4,21.6,0.0,7.2
2026-06-13,N10,Cortina d'Ampezzo,46.54,12.135,1220.0,Nord,montano,forecast,23.3,7.4,15.3,0.0,18.0
2026-06-13,N11,Aosta,45.737,7.32,585.0,Nord,montano,forecast,34.3,17.3,25.9,0.0,16.9
2026-06-13,N12,Sestriere,44.957,6.879,2038.0,Nord,montano,era5,25.2,3.2,15.1,0.0,10.6
2026-06-13,N13,Cuneo,44.39,7.551,542.0,Nord,rurale,era5,29.7,15.4,23.3,0.0,6.8
2026-06-13,N14,Cremona,45.133,10.022,53.0,Nord,rurale,era5,32.2,17.2,25.2,0.0,8.9
2026-06-13,N15,Pordenone,45.957,12.66,28.0,Nord,rurale,era5,26.8,15.1,21.7,0.0,7.1
2026-06-13,S01,Napoli,40.852,14.268,19.0,Sud,urbano,forecast,30.3,17.1,23.8,0.0,13.9
2026-06-13,S02,Bari,41.117,16.872,9.0,Sud,urbano,era5,25.9,18.2,22.4,0.0,18.4
2026-06-13,S03,Lecce,40.352,18.174,55.0,Sud,urbano,forecast,25.2,18.6,22.2,0.0,21.4
2026-06-13,S05,Crotone,39.081,17.127,11.0,Sud,costiero,era5,28.6,18.5,24.5,0.0,26.1
2026-06-13,S06,Tropea,38.677,15.898,60.0,Sud,costiero,era5,23.9,20.4,22.9,0.0,20.4
2026-06-13,S07,Gallipoli,40.056,17.992,19.0,Sud,costiero,era5,27.5,19.6,23.4,0.0,24.8
2026-06-13,S08,Potenza,40.642,15.805,760.0,Sud,montano,era5,26.1,11.8,19.3,0.0,14.5
2026-06-13,S09,Campobasso,41.56,14.659,708.0,Sud,montano,era5,25.9,12.5,19.6,0.0,11.1
2026-06-13,S10,Camigliatello Silano,39.299,16.46,1841.0,Sud,montano,era5,18.2,5.0,11.4,0.0,17.5
2026-06-13,S11,Matera,40.666,16.604,407.0,Sud,rurale,forecast,25.9,14.9,20.5,0.0,23.6
2026-06-13,S12,Benevento,41.13,14.783,162.0,Sud,rurale,era5,30.9,14.9,23.5,0.0,13.8
2026-06-14,C02,Firenze,43.77,11.255,67.0,Centro,urbano,forecast,30.0,13.9,22.3,0.0,16.5
2026-06-14,C03,Perugia,43.11,12.389,485.0,Centro,urbano,era5,29.0,14.6,21.6,0.0,21.8
2026-06-14,C04,Pescara,42.464,14.214,8.0,Centro,costiero,era5,32.0,18.9,25.7,0.0,18.9
2026-06-14,C05,Ancona,43.616,13.519,33.0,Centro,costiero,era5,32.5,17.8,25.8,0.0,21.5
2026-06-14,C06,Grosseto,42.76,11.113,15.0,Centro,costiero,forecast,29.1,13.5,22.1,0.0,17.6
2026-06-14,C07,San Benedetto del Tronto,42.948,13.881,9.0,Centro,costiero,era5,28.8,18.0,24.4,0.0,16.9
2026-06-14,C10,Rieti,42.404,12.862,399.0,Centro,montano,era5,29.0,17.3,23.3,0.0,15.2
2026-06-14,C11,Viterbo,42.42,12.105,347.0,Centro,rurale,era5,29.2,16.6,22.8,0.0,18.6
2026-06-14,C12,Siena,43.319,11.331,347.0,Centro,rurale,era5,30.6,15.4,22.7,0.0,14.3
2026-06-14,I01,Palermo,38.116,13.361,31.0,Isole,costiero,forecast,27.6,18.9,23.7,0.0,10.2
2026-06-14,I02,Catania,37.51,15.083,34.0,Isole,urbano,era5,29.3,19.8,24.9,0.0,14.1
2026-06-14,I04,Enna,37.567,14.275,926.0,Isole,montano,era5,27.6,11.3,19.7,0.0,18.0
2026-06-14,I05,Nicolosi (Etna),37.616,15.024,723.0,Isole,montano,forecast,26.2,15.9,21.2,0.0,15.4
2026-06-14,I06,Cagliari,39.224,9.122,33.0,Isole,costiero,forecast,27.8,17.5,23.1,0.0,16.9
2026-06-14,I07,Sassari,40.727,8.56,213.0,Isole,rurale,era5,31.2,18.1,24.3,0.0,12.5
2026-06-14,I08,Nuoro,40.321,9.33,535.0,Isole,montano,era5,32.8,17.7,25.2,0.0,14.9
2026-06-14,I09,Olbia,40.923,9.499,10.0,Isole,costiero,era5,31.2,17.1,24.9,0.0,17.5
2026-06-14,I10,Fonni,40.117,9.262,909.0,Isole,montano,era5,28.2,16.8,21.5,0.0,19.4
2026-06-14,N01,Milano,45.464,9.19,142.0,Nord,urbano,era5,32.2,20.5,25.6,0.0,18.5
2026-06-14,N02,Torino,45.07,7.687,239.0,Nord,urbano,era5,32.2,18.6,26.0,0.0,12.2
2026-06-14,N03,Bologna,44.494,11.343,74.0,Nord,urbano,era5,34.0,19.5,26.4,0.0,19.8
2026-06-14,N04,Venezia,45.44,12.316,6.0,Nord,costiero,era5,26.4,18.6,22.6,0.0,14.5
2026-06-14,N05,Genova,44.405,8.946,11.0,Nord,costiero,forecast,23.4,20.2,21.9,0.0,13.0
2026-06-14,N06,Trieste,45.649,13.776,27.0,Nord,costiero,forecast,25.6,18.9,22.9,0.0,11.7
2026-06-14,N07,Rimini,44.06,12.566,13.0,Nord,costiero,era5,32.2,18.9,26.0,0.0,17.9
2026-06-14,N08,Sanremo,43.816,7.776,22.0,Nord,costiero,era5,23.9,18.2,20.8,0.0,10.6
2026-06-14,N09,Bolzano,46.498,11.354,279.0,Nord,montano,era5,29.3,14.0,22.5,0.0,10.2
2026-06-14,N10,Cortina d'Ampezzo,46.54,12.135,1220.0,Nord,montano,forecast,23.5,7.7,16.1,0.0,20.4
2026-06-14,N11,Aosta,45.737,7.32,585.0,Nord,montano,forecast,31.9,17.6,24.9,0.0,22.7
2026-06-14,N12,Sestriere,44.957,6.879,2038.0,Nord,montano,era5,23.2,6.2,14.8,0.0,12.2
2026-06-14,N13,Cuneo,44.39,7.551,542.0,Nord,rurale,era5,28.3,17.0,23.4,0.0,7.5
2026-06-14,N14,Cremona,45.133,10.022,53.0,Nord,rurale,era5,32.5,18.7,25.3,0.0,14.5
2026-06-14,N15,Pordenone,45.957,12.66,28.0,Nord,rurale,era5,28.6,18.0,23.9,0.0,9.8
2026-06-14,S01,Napoli,40.852,14.268,19.0,Sud,urbano,forecast,27.1,19.9,23.8,0.0,16.2
2026-06-14,S02,Bari,41.117,16.872,9.0,Sud,urbano,era5,32.8,16.8,26.0,0.0,20.5
2026-06-14,S03,Lecce,40.352,18.174,55.0,Sud,urbano,forecast,30.0,17.3,24.0,0.0,12.7
2026-06-14,S05,Crotone,39.081,17.127,11.0,Sud,costiero,era5,32.0,17.1,25.1,0.0,22.7
2026-06-14,S06,Tropea,38.677,15.898,60.0,Sud,costiero,era5,24.3,20.7,22.8,0.0,14.1
2026-06-14,S07,Gallipoli,40.056,17.992,19.0,Sud,costiero,era5,29.1,19.0,24.2,0.0,20.4
2026-06-14,S08,Potenza,40.642,15.805,760.0,Sud,montano,era5,29.5,15.9,22.2,0.0,23.6
2026-06-14,S09,Campobasso,41.56,14.659,708.0,Sud,montano,era5,28.9,15.1,21.6,0.0,14.3
2026-06-14,S10,Camigliatello Silano,39.299,16.46,1841.0,Sud,montano,era5,21.6,6.9,13.8,0.0,12.1
2026-06-14,S11,Matera,40.666,16.604,407.0,Sud,rurale,forecast,31.4,16.2,23.5,0.0,18.7
2026-06-14,S12,Benevento,41.13,14.783,162.0,Sud,rurale,era5,31.2,17.1,24.2,0.0,20.0
2026-06-15,C02,Firenze,43.77,11.255,67.0,Centro,urbano,forecast,30.8,14.7,23.2,0.0,13.7
2026-06-15,C03,Perugia,43.11,12.389,485.0,Centro,urbano,era5,28.3,13.1,20.9,0.0,16.5
2026-06-15,C04,Pescara,42.464,14.214,8.0,Centro,costiero,era5,29.5,19.4,25.4,0.0,17.1
2026-06-15,C05,Ancona,43.616,13.519,33.0,Centro,costiero,era5,28.3,20.5,24.9,0.0,20.9
2026-06-15,C06,Grosseto,42.76,11.113,15.0,Centro,costiero,forecast,28.0,14.5,22.3,0.0,15.6
2026-06-15,C07,San Benedetto del Tronto,42.948,13.881,9.0,Centro,costiero,era5,27.8,18.0,24.0,0.0,17.1
2026-06-15,C10,Rieti,42.404,12.862,399.0,Centro,montano,era5,27.7,16.2,22.3,0.0,12.7
2026-06-15,C11,Viterbo,42.42,12.105,347.0,Centro,rurale,era5,28.4,15.2,21.9,0.0,16.5
2026-06-15,C12,Siena,43.319,11.331,347.0,Centro,rurale,era5,29.8,15.6,22.4,0.7,16.0
2026-06-15,I01,Palermo,38.116,13.361,31.0,Isole,costiero,forecast,29.1,19.5,24.5,0.0,13.9
2026-06-15,I02,Catania,37.51,15.083,34.0,Isole,urbano,era5,33.8,21.1,27.5,0.0,18.3
2026-06-15,I04,Enna,37.567,14.275,926.0,Isole,montano,era5,27.6,12.3,20.4,0.0,21.2
2026-06-15,I05,Nicolosi (Etna),37.616,15.024,723.0,Isole,montano,forecast,29.0,19.0,23.6,0.0,29.4
2026-06-15,I06,Cagliari,39.224,9.122,33.0,Isole,costiero,forecast,29.3,19.3,23.9,0.0,18.8
2026-06-15,I07,Sassari,40.727,8.56,213.0,Isole,rurale,era5,30.2,19.1,24.3,0.0,16.1
2026-06-15,I08,Nuoro,40.321,9.33,535.0,Isole,montano,era5,31.6,18.6,24.1,0.0,15.6
2026-06-15,I09,Olbia,40.923,9.499,10.0,Isole,costiero,era5,27.8,17.2,23.5,0.0,17.5
2026-06-15,I10,Fonni,40.117,9.262,909.0,Isole,montano,era5,24.8,17.1,20.7,0.0,16.1
2026-06-15,N01,Milano,45.464,9.19,142.0,Nord,urbano,era5,33.3,18.5,26.4,0.0,14.5
2026-06-15,N02,Torino,45.07,7.687,239.0,Nord,urbano,era5,32.3,19.4,26.5,0.0,11.7
2026-06-15,N03,Bologna,44.494,11.343,74.0,Nord,urbano,era5,32.5,19.6,26.1,0.0,18.6
2026-06-15,N04,Venezia,45.44,12.316,6.0,Nord,costiero,era5,27.0,19.2,22.8,0.7,21.5
2026-06-15,N05,Genova,44.405,8.946,11.0,Nord,costiero,forecast,24.3,18.8,22.2,0.0,9.6
2026-06-15,N06,Trieste,45.649,13.776,27.0,Nord,costiero,forecast,26.5,20.1,23.4,0.0,23.9
2026-06-15,N07,Rimini,44.06,12.566,13.0,Nord,costiero,era5,28.8,21.5,25.5,0.0,13.9
2026-06-15,N08,Sanremo,43.816,7.776,22.0,Nord,costiero,era5,24.8,18.5,21.7,0.0,11.5
2026-06-15,N09,Bolzano,46.498,11.354,279.0,Nord,montano,era5,30.9,14.5,23.2,0.0,12.7
2026-06-15,N10,Cortina d'Ampezzo,46.54,12.135,1220.0,Nord,montano,forecast,21.1,10.1,16.1,0.0,22.9
2026-06-15,N11,Aosta,45.737,7.32,585.0,Nord,montano,forecast,30.4,17.1,24.3,0.0,22.7
2026-06-15,N12,Sestriere,44.957,6.879,2038.0,Nord,montano,era5,21.9,5.3,13.8,0.0,10.4
2026-06-15,N13,Cuneo,44.39,7.551,542.0,Nord,rurale,era5,28.4,17.0,23.6,0.0,8.7
2026-06-15,N14,Cremona,45.133,10.022,53.0,Nord,rurale,era5,30.2,18.1,24.6,0.0,17.9
2026-06-15,N15,Pordenone,45.957,12.66,28.0,Nord,rurale,era5,27.5,18.9,22.8,6.4,18.4
2026-06-15,S01,Napoli,40.852,14.268,19.0,Sud,urbano,forecast,26.3,19.2,23.3,0.0,12.9
2026-06-15,S02,Bari,41.117,16.872,9.0,Sud,urbano,era5,32.7,21.7,27.8,0.0,18.6
2026-06-15,S03,Lecce,40.352,18.174,55.0,Sud,urbano,forecast,31.1,19.4,25.0,0.0,16.9
2026-06-15,S05,Crotone,39.081,17.127,11.0,Sud,costiero,era5,33.2,18.1,26.0,0.0,23.7
2026-06-15,S06,Tropea,38.677,15.898,60.0,Sud,costiero,era5,25.5,21.1,23.8,0.0,13.5
2026-06-15,S07,Gallipoli,40.056,17.992,19.0,Sud,costiero,era5,28.3,21.5,24.7,0.0,23.1
2026-06-15,S08,Potenza,40.642,15.805,760.0,Sud,montano,era5,28.4,15.9,21.8,0.2,18.8
2026-06-15,S09,Campobasso,41.56,14.659,708.0,Sud,montano,era5,28.0,12.7,20.4,0.0,14.9
2026-06-15,S10,Camigliatello Silano,39.299,16.46,1841.0,Sud,montano,era5,22.4,8.6,14.6,0.0,17.9
2026-06-15,S11,Matera,40.666,16.604,407.0,Sud,rurale,forecast,29.9,18.8,23.7,0.0,19.2
2026-06-15,S12,Benevento,41.13,14.783,162.0,Sud,rurale,era5,30.5,15.9,23.1,0.0,16.8
2026-06-16,C02,Firenze,43.77,11.255,67.0,Centro,urbano,forecast,32.4,16.1,24.8,0.0,13.7
2026-06-16,C03,Perugia,43.11,12.389,485.0,Centro,urbano,era5,28.5,15.0,21.9,0.0,10.4
2026-06-16,C04,Pescara,42.464,14.214,8.0,Centro,costiero,era5,27.8,20.8,24.6,0.0,11.9
2026-06-16,C05,Ancona,43.616,13.519,33.0,Centro,costiero,era5,27.8,20.5,24.5,0.0,14.2
2026-06-16,C06,Grosseto,42.76,11.113,15.0,Centro,costiero,forecast,28.8,17.1,23.6,0.0,17.1
2026-06-16,C07,San Benedetto del Tronto,42.948,13.881,9.0,Centro,costiero,era5,27.0,19.2,23.8,0.0,12.9
2026-06-16,C10,Rieti,42.404,12.862,399.0,Centro,montano,era5,28.8,16.1,22.8,0.4,10.0
2026-06-16,C11,Viterbo,42.42,12.105,347.0,Centro,rurale,era5,30.9,15.1,22.4,0.2,15.9
2026-06-16,C12,Siena,43.319,11.331,347.0,Centro,rurale,era5,30.5,16.5,23.6,0.1,15.3
2026-06-16,I01,Palermo,38.116,13.361,31.0,Isole,costiero,forecast,27.5,22.1,24.7,0.0,10.3
2026-06-16,I02,Catania,37.51,15.083,34.0,Isole,urbano,era5,30.6,22.4,26.4,1.6,19.0
2026-06-16,I04,Enna,37.567,14.275,926.0,Isole,montano,era5,28.5,13.7,20.3,4.3,13.4
2026-06-16,I05,Nicolosi (Etna),37.616,15.024,723.0,Isole,montano,forecast,26.9,20.1,23.1,0.1,15.0
2026-06-16,I06,Cagliari,39.224,9.122,33.0,Isole,costiero,forecast,31.3,19.3,23.9,0.0,20.3
2026-06-16,I07,Sassari,40.727,8.56,213.0,Isole,rurale,era5,27.9,17.9,22.9,0.0,15.8
2026-06-16,I08,Nuoro,40.321,9.33,535.0,Isole,montano,era5,28.9,17.2,22.6,0.0,12.8
2026-06-16,I09,Olbia,40.923,9.499,10.0,Isole,costiero,era5,28.0,17.7,23.3,0.0,17.2
2026-06-16,I10,Fonni,40.117,9.262,909.0,Isole,montano,era5,27.1,16.0,21.1,0.0,15.5
2026-06-16,N01,Milano,45.464,9.19,142.0,Nord,urbano,era5,30.6,21.5,26.1,0.7,13.6
2026-06-16,N02,Torino,45.07,7.687,239.0,Nord,urbano,era5,31.1,19.8,25.6,0.0,11.3
2026-06-16,N03,Bologna,44.494,11.343,74.0,Nord,urbano,era5,30.8,18.6,25.0,0.0,12.3
2026-06-16,N04,Venezia,45.44,12.316,6.0,Nord,costiero,era5,27.3,18.4,23.2,0.0,16.6
2026-06-16,N05,Genova,44.405,8.946,11.0,Nord,costiero,forecast,25.2,18.2,22.5,0.0,9.1
2026-06-16,N06,Trieste,45.649,13.776,27.0,Nord,costiero,forecast,27.0,20.2,24.0,0.1,13.7
2026-06-16,N07,Rimini,44.06,12.566,13.0,Nord,costiero,era5,27.0,20.8,24.0,0.0,14.7
2026-06-16,N08,Sanremo,43.816,7.776,22.0,Nord,costiero,era5,27.0,17.3,22.9,0.0,10.7
2026-06-16,N09,Bolzano,46.498,11.354,279.0,Nord,montano,era5,29.0,13.2,21.7,0.4,7.0
2026-06-16,N10,Cortina d'Ampezzo,46.54,12.135,1220.0,Nord,montano,forecast,21.3,6.5,14.3,0.2,11.8
2026-06-16,N11,Aosta,45.737,7.32,585.0,Nord,montano,forecast,30.5,15.0,22.3,9.0,17.1
2026-06-16,N12,Sestriere,44.957,6.879,2038.0,Nord,montano,era5,22.5,6.5,14.5,0.1,8.5
2026-06-16,N13,Cuneo,44.39,7.551,542.0,Nord,rurale,era5,27.5,16.5,22.4,0.1,8.0
2026-06-16,N14,Cremona,45.133,10.022,53.0,Nord,rurale,era5,30.2,20.3,25.5,0.0,16.7
2026-06-16,N15,Pordenone,45.957,12.66,28.0,Nord,rurale,era5,30.4,16.6,23.7,0.1,10.2
2026-06-16,S01,Napoli,40.852,14.268,19.0,Sud,urbano,forecast,29.2,19.8,24.7,0.0,11.9
2026-06-16,S02,Bari,41.117,16.872,9.0,Sud,urbano,era5,31.9,22.9,27.6,0.1,13.4
2026-06-16,S03,Lecce,40.352,18.174,55.0,Sud,urbano,forecast,28.1,20.8,24.3,0.2,12.8
2026-06-16,S05,Crotone,39.081,17.127,11.0,Sud,costiero,era5,31.8,22.3,26.6,3.2,16.6
2026-06-16,S06,Tropea,38.677,15.898,60.0,Sud,costiero,era5,26.2,22.7,24.6,0.0,11.3
2026-06-16,S07,Gallipoli,40.056,17.992,19.0,Sud,costiero,era5,29.0,21.9,24.2,5.9,15.9
2026-06-16,S08,Potenza,40.642,15.805,760.0,Sud,montano,era5,30.8,17.4,22.1,12.8,11.5
2026-06-16,S09,Campobasso,41.56,14.659,708.0,Sud,montano,era5,26.8,14.1,20.8,1.0,12.7
2026-06-16,S10,Camigliatello Silano,39.299,16.46,1841.0,Sud,montano,era5,19.7,10.1,14.4,1.4,12.8
2026-06-16,S11,Matera,40.666,16.604,407.0,Sud,rurale,forecast,30.4,20.3,24.7,0.7,15.7
2026-06-16,S12,Benevento,41.13,14.783,162.0,Sud,rurale,era5,33.1,17.0,24.5,0.0,10.8
2026-06-17,C02,Firenze,43.77,11.255,67.0,Centro,urbano,forecast,33.6,17.8,26.0,0.0,13.0
2026-06-17,C03,Perugia,43.11,12.389,485.0,Centro,urbano,era5,30.2,15.6,22.7,0.7,13.5
2026-06-17,C04,Pescara,42.464,14.214,8.0,Centro,costiero,era5,29.0,20.2,25.1,0.0,11.7
2026-06-17,C05,Ancona,43.616,13.519,33.0,Centro,costiero,era5,29.0,18.9,24.7,0.0,12.4
2026-06-17,C06,Grosseto,42.76,11.113,15.0,Centro,costiero,forecast,33.2,17.4,25.4,0.0,16.2
2026-06-17,C07,San Benedetto del Tronto,42.948,13.881,9.0,Centro,costiero,era5,28.4,19.6,24.4,0.0,10.6
2026-06-17,C10,Rieti,42.404,12.862,399.0,Centro,montano,era5,30.7,15.6,23.7,0.2,12.4
2026-06-17,C11,Viterbo,42.42,12.105,347.0,Centro,rurale,era5,32.2,18.7,25.2,0.1,13.5
2026-06-17,C12,Siena,43.319,11.331,347.0,Centro,rurale,era5,31.8,18.3,25.1,0.0,13.4
2026-06-17,I01,Palermo,38.116,13.361,31.0,Isole,costiero,forecast,27.6,20.2,24.1,0.0,11.1
2026-06-17,I02,Catania,37.51,15.083,34.0,Isole,urbano,era5,29.4,21.8,25.5,0.0,12.3
2026-06-17,I04,Enna,37.567,14.275,926.0,Isole,montano,era5,29.5,13.9,21.4,0.2,15.0
2026-06-17,I05,Nicolosi (Etna),37.616,15.024,723.0,Isole,montano,forecast,26.5,18.1,22.6,0.0,14.3
2026-06-17,I06,Cagliari,39.224,9.122,33.0,Isole,costiero,forecast,27.3,19.0,23.4,0.0,16.9
2026-06-17,I07,Sassari,40.727,8.56,213.0,Isole,rurale,era5,30.6,18.2,24.5,0.0,19.2
2026-06-17,I08,Nuoro,40.321,9.33,535.0,Isole,montano,era5,31.1,17.2,23.7,0.0,14.9
2026-06-17,I09,Olbia,40.923,9.499,10.0,Isole,costiero,era5,30.8,18.6,25.3,0.0,15.1
2026-06-17,I10,Fonni,40.117,9.262,909.0,Isole,montano,era5,29.8,17.5,22.8,0.0,12.6
2026-06-17,N01,Milano,45.464,9.19,142.0,Nord,urbano,era5,34.6,22.9,28.7,0.0,13.4
2026-06-17,N02,Torino,45.07,7.687,239.0,Nord,urbano,era5,35.0,20.2,28.3,0.0,9.3
2026-06-17,N03,Bologna,44.494,11.343,74.0,Nord,urbano,era5,34.3,20.3,27.8,0.0,12.5
2026-06-17,N04,Venezia,45.44,12.316,6.0,Nord,costiero,era5,27.6,19.0,23.8,0.0,13.4
2026-06-17,N05,Genova,44.405,8.946,11.0,Nord,costiero,forecast,26.2,18.2,23.0,0.0,8.3
2026-06-17,N06,Trieste,45.649,13.776,27.0,Nord,costiero,forecast,27.5,18.6,24.0,0.0,8.3
2026-06-17,N07,Rimini,44.06,12.566,13.0,Nord,costiero,era5,29.5,20.6,25.5,0.0,12.4
2026-06-17,N08,Sanremo,43.816,7.776,22.0,Nord,costiero,era5,28.5,18.7,23.9,0.0,10.2
2026-06-17,N09,Bolzano,46.498,11.354,279.0,Nord,montano,era5,31.5,15.0,23.7,0.0,6.2
2026-06-17,N10,Cortina d'Ampezzo,46.54,12.135,1220.0,Nord,montano,forecast,24.0,8.1,16.3,0.0,14.8
2026-06-17,N11,Aosta,45.737,7.32,585.0,Nord,montano,forecast,33.6,14.9,23.7,0.0,15.1
2026-06-17,N12,Sestriere,44.957,6.879,2038.0,Nord,montano,era5,23.0,6.8,15.9,0.6,7.8
2026-06-17,N13,Cuneo,44.39,7.551,542.0,Nord,rurale,era5,30.5,17.5,24.4,0.1,10.6
2026-06-17,N14,Cremona,45.133,10.022,53.0,Nord,rurale,era5,32.8,20.4,27.2,0.2,10.2
2026-06-17,N15,Pordenone,45.957,12.66,28.0,Nord,rurale,era5,30.6,18.5,25.1,0.0,9.7
2026-06-17,S01,Napoli,40.852,14.268,19.0,Sud,urbano,forecast,30.9,20.5,25.9,0.2,14.3
2026-06-17,S02,Bari,41.117,16.872,9.0,Sud,urbano,era5,30.0,21.0,25.2,0.0,12.1
2026-06-17,S03,Lecce,40.352,18.174,55.0,Sud,urbano,forecast,28.1,19.8,23.8,0.0,17.7
2026-06-17,S05,Crotone,39.081,17.127,11.0,Sud,costiero,era5,30.1,19.4,26.1,0.0,17.8
2026-06-17,S06,Tropea,38.677,15.898,60.0,Sud,costiero,era5,24.3,22.2,23.6,0.0,13.5
2026-06-17,S07,Gallipoli,40.056,17.992,19.0,Sud,costiero,era5,31.5,20.8,26.2,0.1,16.1
2026-06-17,S08,Potenza,40.642,15.805,760.0,Sud,montano,era5,28.4,16.5,22.2,0.5,13.9
2026-06-17,S09,Campobasso,41.56,14.659,708.0,Sud,montano,era5,28.6,16.5,22.3,0.0,15.9
2026-06-17,S10,Camigliatello Silano,39.299,16.46,1841.0,Sud,montano,era5,20.7,9.6,14.1,1.2,15.6
2026-06-17,S11,Matera,40.666,16.604,407.0,Sud,rurale,forecast,29.9,16.8,23.8,0.1,17.5
2026-06-17,S12,Benevento,41.13,14.783,162.0,Sud,rurale,era5,33.8,18.1,25.2,0.6,17.5
2026-06-18,C02,Firenze,43.77,11.255,67.0,Centro,urbano,forecast,35.8,17.5,27.0,0.0,13.7
2026-06-18,C03,Perugia,43.11,12.389,485.0,Centro,urbano,era5,31.9,15.1,24.2,0.0,9.4
2026-06-18,C04,Pescara,42.464,14.214,8.0,Centro,costiero,era5,31.5,21.5,27.0,0.0,9.7
2026-06-18,C05,Ancona,43.616,13.519,33.0,Centro,costiero,era5,31.5,18.5,26.1,0.0,13.3
2026-06-18,C06,Grosseto,42.76,11.113,15.0,Centro,costiero,forecast,33.6,17.6,26.1,0.0,15.5
2026-06-18,C07,San Benedetto del Tronto,42.948,13.881,9.0,Centro,costiero,era5,30.4,21.1,26.4,0.0,13.6
2026-06-18,C10,Rieti,42.404,12.862,399.0,Centro,montano,era5,31.7,15.6,24.9,0.5,12.4
2026-06-18,C11,Viterbo,42.42,12.105,347.0,Centro,rurale,era5,33.2,19.7,26.0,0.1,15.1
2026-06-18,C12,Siena,43.319,11.331,347.0,Centro,rurale,era5,33.8,18.5,26.0,0.5,13.0
2026-06-18,I01,Palermo,38.116,13.361,31.0,Isole,costiero,forecast,28.3,21.1,25.0,0.0,10.4
2026-06-18,I02,Catania,37.51,15.083,34.0,Isole,urbano,era5,30.1,21.2,25.9,0.0,13.4
2026-06-18,I04,Enna,37.567,14.275,926.0,Isole,montano,era5,30.3,13.9,22.2,0.0,16.0
2026-06-18,I05,Nicolosi (Etna),37.616,15.024,723.0,Isole,montano,forecast,27.6,18.3,23.0,0.0,13.8
2026-06-18,I06,Cagliari,39.224,9.122,33.0,Isole,costiero,forecast,29.0,20.3,24.8,0.0,18.8
2026-06-18,I07,Sassari,40.727,8.56,213.0,Isole,rurale,era5,31.9,20.6,26.0,0.0,17.1
2026-06-18,I08,Nuoro,40.321,9.33,535.0,Isole,montano,era5,32.0,18.5,25.0,0.0,16.7
2026-06-18,I09,Olbia,40.923,9.499,10.0,Isole,costiero,era5,32.2,20.0,26.6,0.0,17.6
2026-06-18,I10,Fonni,40.117,9.262,909.0,Isole,montano,era5,31.0,17.9,24.0,0.0,14.1
2026-06-18,N01,Milano,45.464,9.19,142.0,Nord,urbano,era5,35.4,24.3,30.3,0.0,10.2
2026-06-18,N02,Torino,45.07,7.687,239.0,Nord,urbano,era5,36.0,22.2,29.7,0.0,11.5
2026-06-18,N03,Bologna,44.494,11.343,74.0,Nord,urbano,era5,36.0,22.1,29.0,0.2,15.5
2026-06-18,N04,Venezia,45.44,12.316,6.0,Nord,costiero,era5,30.3,20.9,26.0,0.1,9.5
2026-06-18,N05,Genova,44.405,8.946,11.0,Nord,costiero,forecast,27.8,19.0,23.8,0.0,7.3
2026-06-18,N06,Trieste,45.649,13.776,27.0,Nord,costiero,forecast,31.1,20.9,26.0,0.0,9.6
2026-06-18,N07,Rimini,44.06,12.566,13.0,Nord,costiero,era5,31.1,21.4,26.9,0.0,14.0
2026-06-18,N08,Sanremo,43.816,7.776,22.0,Nord,costiero,era5,28.4,20.3,24.8,0.0,10.6
2026-06-18,N09,Bolzano,46.498,11.354,279.0,Nord,montano,era5,34.5,16.5,25.9,0.6,11.8
2026-06-18,N10,Cortina d'Ampezzo,46.54,12.135,1220.0,Nord,montano,forecast,25.8,12.4,17.9,12.7,35.1
2026-06-18,N11,Aosta,45.737,7.32,585.0,Nord,montano,forecast,34.0,17.5,24.3,0.2,30.9
2026-06-18,N12,Sestriere,44.957,6.879,2038.0,Nord,montano,era5,22.4,8.9,15.2,7.0,8.4
2026-06-18,N13,Cuneo,44.39,7.551,542.0,Nord,rurale,era5,32.0,18.9,25.7,0.1,7.8
2026-06-18,N14,Cremona,45.133,10.022,53.0,Nord,rurale,era5,35.2,22.0,28.7,0.1,11.4
2026-06-18,N15,Pordenone,45.957,12.66,28.0,Nord,rurale,era5,32.6,20.2,27.2,1.1,8.3
2026-06-18,S01,Napoli,40.852,14.268,19.0,Sud,urbano,forecast,33.5,21.4,27.1,0.0,16.0
2026-06-18,S02,Bari,41.117,16.872,9.0,Sud,urbano,era5,30.0,21.6,26.2,0.0,16.4
2026-06-18,S03,Lecce,40.352,18.174,55.0,Sud,urbano,forecast,29.3,19.5,24.6,0.0,20.4
2026-06-18,S05,Crotone,39.081,17.127,11.0,Sud,costiero,era5,32.9,20.1,27.6,0.0,25.2
2026-06-18,S06,Tropea,38.677,15.898,60.0,Sud,costiero,era5,25.0,22.2,23.8,0.3,11.9
2026-06-18,S07,Gallipoli,40.056,17.992,19.0,Sud,costiero,era5,32.1,21.3,26.9,0.0,25.2
2026-06-18,S08,Potenza,40.642,15.805,760.0,Sud,montano,era5,29.4,15.6,23.0,0.0,17.9
2026-06-18,S09,Campobasso,41.56,14.659,708.0,Sud,montano,era5,29.5,16.8,23.3,0.0,17.6
2026-06-18,S10,Camigliatello Silano,39.299,16.46,1841.0,Sud,montano,era5,19.7,8.8,14.0,0.0,18.5
2026-06-18,S11,Matera,40.666,16.604,407.0,Sud,rurale,forecast,29.5,18.6,24.5,0.0,24.9
2026-06-18,S12,Benevento,41.13,14.783,162.0,Sud,rurale,era5,34.1,17.5,26.0,0.0,16.1
2026-06-19,C02,Firenze,43.77,11.255,67.0,Centro,urbano,forecast,37.0,18.3,27.9,0.0,12.3
2026-06-19,C03,Perugia,43.11,12.389,485.0,Centro,urbano,forecast,33.5,16.8,25.9,0.0,15.4
2026-06-19,C04,Pescara,42.464,14.214,8.0,Centro,costiero,forecast,30.5,18.6,25.7,0.0,14.1
2026-06-19,C05,Ancona,43.616,13.519,33.0,Centro,costiero,forecast,31.7,21.8,27.1,0.0,15.8
2026-06-19,C06,Grosseto,42.76,11.113,15.0,Centro,costiero,forecast,34.4,18.8,26.9,0.0,17.2
2026-06-19,C07,San Benedetto del Tronto,42.948,13.881,9.0,Centro,costiero,forecast,30.2,20.4,26.5,0.0,13.9
2026-06-19,C10,Rieti,42.404,12.862,399.0,Centro,montano,forecast,33.9,18.6,26.2,0.0,14.7
2026-06-19,C11,Viterbo,42.42,12.105,347.0,Centro,rurale,forecast,33.6,21.5,27.4,0.2,18.7
2026-06-19,C12,Siena,43.319,11.331,347.0,Centro,rurale,forecast,34.5,18.0,26.4,0.0,17.7
2026-06-19,I01,Palermo,38.116,13.361,31.0,Isole,costiero,forecast,29.3,22.1,26.2,0.0,10.1
2026-06-19,I04,Enna,37.567,14.275,926.0,Isole,montano,forecast,29.8,16.0,23.0,0.0,21.4
2026-06-19,I05,Nicolosi (Etna),37.616,15.024,723.0,Isole,montano,forecast,27.9,19.0,23.7,0.0,16.2
2026-06-19,I06,Cagliari,39.224,9.122,33.0,Isole,costiero,forecast,31.6,18.8,25.8,0.0,17.2
2026-06-19,I07,Sassari,40.727,8.56,213.0,Isole,rurale,forecast,33.3,19.6,26.3,0.0,16.5
2026-06-19,I08,Nuoro,40.321,9.33,535.0,Isole,montano,forecast,31.6,17.4,24.7,0.0,21.1
2026-06-19,I09,Olbia,40.923,9.499,10.0,Isole,costiero,forecast,32.8,18.7,26.6,0.0,14.4
2026-06-19,I10,Fonni,40.117,9.262,909.0,Isole,montano,forecast,30.6,16.4,24.0,0.0,16.0
2026-06-19,N01,Milano,45.464,9.19,142.0,Nord,urbano,forecast,33.9,22.6,28.0,0.0,16.4
2026-06-19,N02,Torino,45.07,7.687,239.0,Nord,urbano,forecast,33.9,23.5,28.3,0.0,17.1
2026-06-19,N03,Bologna,44.494,11.343,74.0,Nord,urbano,forecast,35.2,21.9,28.1,0.0,27.1
2026-06-19,N04,Venezia,45.44,12.316,6.0,Nord,costiero,forecast,30.6,22.8,26.4,0.0,12.3
2026-06-19,N05,Genova,44.405,8.946,11.0,Nord,costiero,forecast,28.6,20.5,25.0,0.0,8.2
2026-06-19,N06,Trieste,45.649,13.776,27.0,Nord,costiero,forecast,30.9,24.2,27.6,0.0,9.9
2026-06-19,N09,Bolzano,46.498,11.354,279.0,Nord,montano,forecast,35.5,20.8,27.1,0.0,19.6
2026-06-19,N10,Cortina d'Ampezzo,46.54,12.135,1220.0,Nord,montano,forecast,25.3,12.0,18.4,0.8,21.0
2026-06-19,N11,Aosta,45.737,7.32,585.0,Nord,montano,forecast,33.1,17.0,24.6,2.3,26.8
2026-06-19,N12,Sestriere,44.957,6.879,2038.0,Nord,montano,forecast,19.8,9.9,14.1,13.6,26.1
2026-06-19,N13,Cuneo,44.39,7.551,542.0,Nord,rurale,forecast,31.1,19.9,25.3,0.0,22.8
2026-06-19,N14,Cremona,45.133,10.022,53.0,Nord,rurale,forecast,34.8,21.5,27.6,0.0,19.7
2026-06-19,S01,Napoli,40.852,14.268,19.0,Sud,urbano,forecast,32.6,22.5,27.9,0.0,14.1
2026-06-19,S02,Bari,41.117,16.872,9.0,Sud,urbano,forecast,29.1,22.4,25.8,0.0,15.4
2026-06-19,S03,Lecce,40.352,18.174,55.0,Sud,urbano,forecast,30.6,21.9,26.0,0.0,18.4
2026-06-19,S05,Crotone,39.081,17.127,11.0,Sud,costiero,forecast,31.5,22.9,27.5,0.0,22.6
2026-06-19,S08,Potenza,40.642,15.805,760.0,Sud,montano,forecast,28.4,17.6,23.3,0.0,15.3
2026-06-19,S09,Campobasso,41.56,14.659,708.0,Sud,montano,forecast,29.3,16.9,23.4,0.0,19.1
2026-06-19,S10,Camigliatello Silano,39.299,16.46,1841.0,Sud,montano,forecast,20.0,10.9,15.3,0.0,20.4
2026-06-19,S11,Matera,40.666,16.604,407.0,Sud,rurale,forecast,31.0,20.3,25.9,0.0,17.1
2026-06-19,S12,Benevento,41.13,14.783,162.0,Sud,rurale,forecast,35.0,14.7,25.7,0.0,19.7
2026-06-20,C02,Firenze,43.77,11.255,67.0,Centro,urbano,forecast,36.9,17.6,27.6,0.0,13.8
2026-06-20,C03,Perugia,43.11,12.389,485.0,Centro,urbano,forecast,34.8,17.9,26.7,0.0,14.1
2026-06-20,C04,Pescara,42.464,14.214,8.0,Centro,costiero,forecast,31.6,19.4,26.4,0.0,14.5
2026-06-20,C05,Ancona,43.616,13.519,33.0,Centro,costiero,forecast,31.0,22.7,27.6,0.0,11.3
2026-06-20,C06,Grosseto,42.76,11.113,15.0,Centro,costiero,forecast,37.3,18.8,28.6,0.0,16.9
2026-06-20,C07,San Benedetto del Tronto,42.948,13.881,9.0,Centro,costiero,forecast,30.5,21.1,26.8,0.0,13.2
2026-06-20,C10,Rieti,42.404,12.862,399.0,Centro,montano,forecast,35.6,19.1,26.8,0.0,16.1
2026-06-20,C11,Viterbo,42.42,12.105,347.0,Centro,rurale,forecast,34.5,22.7,28.1,0.0,20.7
2026-06-20,C12,Siena,43.319,11.331,347.0,Centro,rurale,forecast,34.9,17.7,26.4,0.0,15.5
2026-06-20,I01,Palermo,38.116,13.361,31.0,Isole,costiero,forecast,29.7,23.1,26.7,0.0,10.1
2026-06-20,I04,Enna,37.567,14.275,926.0,Isole,montano,forecast,30.4,16.5,23.4,0.0,16.3
2026-06-20,I05,Nicolosi (Etna),37.616,15.024,723.0,Isole,montano,forecast,27.0,19.8,23.4,0.0,16.8
2026-06-20,I06,Cagliari,39.224,9.122,33.0,Isole,costiero,forecast,32.1,20.6,26.3,0.0,16.9
2026-06-20,I07,Sassari,40.727,8.56,213.0,Isole,rurale,forecast,33.2,20.8,27.1,0.0,14.5
2026-06-20,I08,Nuoro,40.321,9.33,535.0,Isole,montano,forecast,32.8,18.9,26.3,0.0,18.7
2026-06-20,I09,Olbia,40.923,9.499,10.0,Isole,costiero,forecast,34.1,20.4,28.0,0.0,13.8
2026-06-20,I10,Fonni,40.117,9.262,909.0,Isole,montano,forecast,31.4,17.6,24.8,0.0,15.3
2026-06-20,N01,Milano,45.464,9.19,142.0,Nord,urbano,forecast,34.9,23.8,29.3,0.0,15.5
2026-06-20,N02,Torino,45.07,7.687,239.0,Nord,urbano,forecast,34.8,23.5,29.2,0.0,13.5
2026-06-20,N03,Bologna,44.494,11.343,74.0,Nord,urbano,forecast,36.3,21.7,29.1,0.0,11.5
2026-06-20,N04,Venezia,45.44,12.316,6.0,Nord,costiero,forecast,31.7,23.4,27.4,0.0,13.3
2026-06-20,N05,Genova,44.405,8.946,11.0,Nord,costiero,forecast,29.1,19.1,24.8,0.0,9.7
2026-06-20,N06,Trieste,45.649,13.776,27.0,Nord,costiero,forecast,31.6,22.1,27.3,0.0,19.0
2026-06-20,N09,Bolzano,46.498,11.354,279.0,Nord,montano,forecast,35.3,20.9,27.7,0.0,13.8
2026-06-20,N10,Cortina d'Ampezzo,46.54,12.135,1220.0,Nord,montano,forecast,27.9,12.1,18.1,22.2,20.5
2026-06-20,N11,Aosta,45.737,7.32,585.0,Nord,montano,forecast,33.9,17.3,24.9,0.0,28.2
2026-06-20,N12,Sestriere,44.957,6.879,2038.0,Nord,montano,forecast,22.5,9.8,15.3,13.9,26.0
2026-06-20,N13,Cuneo,44.39,7.551,542.0,Nord,rurale,forecast,33.0,19.1,26.2,0.0,13.1
2026-06-20,N14,Cremona,45.133,10.022,53.0,Nord,rurale,forecast,35.8,21.7,28.6,0.0,9.9
2026-06-20,S01,Napoli,40.852,14.268,19.0,Sud,urbano,forecast,32.3,22.8,27.9,0.0,14.8
2026-06-20,S02,Bari,41.117,16.872,9.0,Sud,urbano,forecast,28.6,21.0,25.6,0.0,12.0
2026-06-20,S03,Lecce,40.352,18.174,55.0,Sud,urbano,forecast,29.5,20.7,25.4,0.0,15.3
2026-06-20,S05,Crotone,39.081,17.127,11.0,Sud,costiero,forecast,30.5,21.5,26.7,0.0,13.2
2026-06-20,S08,Potenza,40.642,15.805,760.0,Sud,montano,forecast,29.4,17.9,23.7,0.0,15.1
2026-06-20,S09,Campobasso,41.56,14.659,708.0,Sud,montano,forecast,30.8,16.7,24.0,0.0,12.5
2026-06-20,S10,Camigliatello Silano,39.299,16.46,1841.0,Sud,montano,forecast,21.1,10.1,15.6,0.0,11.8
2026-06-20,S11,Matera,40.666,16.604,407.0,Sud,rurale,forecast,31.8,18.6,25.7,0.0,17.1
2026-06-20,S12,Benevento,41.13,14.783,162.0,Sud,rurale,forecast,36.2,14.2,26.0,0.0,16.6
2026-06-21,C02,Firenze,43.77,11.255,67.0,Centro,urbano,forecast,36.6,19.2,28.3,0.0,8.3
2026-06-21,C03,Perugia,43.11,12.389,485.0,Centro,urbano,forecast,34.0,18.1,26.2,0.3,15.5
2026-06-21,C04,Pescara,42.464,14.214,8.0,Centro,costiero,forecast,31.3,18.8,26.2,0.0,13.5
2026-06-21,C05,Ancona,43.616,13.519,33.0,Centro,costiero,forecast,31.0,22.9,27.3,0.0,7.9
2026-06-21,C06,Grosseto,42.76,11.113,15.0,Centro,costiero,forecast,36.5,18.4,28.4,0.0,16.1
2026-06-21,C07,San Benedetto del Tronto,42.948,13.881,9.0,Centro,costiero,forecast,30.6,21.5,26.9,0.0,12.2
2026-06-21,C10,Rieti,42.404,12.862,399.0,Centro,montano,forecast,34.7,19.8,27.1,0.1,12.9
2026-06-21,C11,Viterbo,42.42,12.105,347.0,Centro,rurale,forecast,35.4,22.4,28.5,0.2,17.7
2026-06-21,C12,Siena,43.319,11.331,347.0,Centro,rurale,forecast,34.5,18.0,26.1,0.3,12.9
2026-06-21,I01,Palermo,38.116,13.361,31.0,Isole,costiero,forecast,29.9,22.7,26.9,0.0,9.3
2026-06-21,I04,Enna,37.567,14.275,926.0,Isole,montano,forecast,30.8,15.6,23.3,0.0,18.4
2026-06-21,I05,Nicolosi (Etna),37.616,15.024,723.0,Isole,montano,forecast,28.2,19.5,24.0,0.0,16.4
2026-06-21,I06,Cagliari,39.224,9.122,33.0,Isole,costiero,forecast,32.9,21.6,27.5,0.0,15.7
2026-06-21,I07,Sassari,40.727,8.56,213.0,Isole,rurale,forecast,34.4,21.5,27.6,0.0,17.0
2026-06-21,I08,Nuoro,40.321,9.33,535.0,Isole,montano,forecast,33.7,20.1,27.0,0.1,14.9
2026-06-21,I09,Olbia,40.923,9.499,10.0,Isole,costiero,forecast,34.6,21.8,29.1,0.0,14.1
2026-06-21,I10,Fonni,40.117,9.262,909.0,Isole,montano,forecast,32.2,18.8,25.4,0.6,14.8
2026-06-21,N01,Milano,45.464,9.19,142.0,Nord,urbano,forecast,34.8,23.1,29.6,0.1,18.4
2026-06-21,N02,Torino,45.07,7.687,239.0,Nord,urbano,forecast,35.4,23.5,29.3,3.3,11.5
2026-06-21,N03,Bologna,44.494,11.343,74.0,Nord,urbano,forecast,35.1,22.7,28.9,0.0,7.5
2026-06-21,N04,Venezia,45.44,12.316,6.0,Nord,costiero,forecast,33.1,23.7,28.3,0.0,12.0
2026-06-21,N05,Genova,44.405,8.946,11.0,Nord,costiero,forecast,30.6,20.8,25.9,0.0,8.8
2026-06-21,N06,Trieste,45.649,13.776,27.0,Nord,costiero,forecast,32.2,24.5,28.4,0.0,17.9
2026-06-21,N09,Bolzano,46.498,11.354,279.0,Nord,montano,forecast,33.3,19.2,26.1,0.7,9.8
2026-06-21,N10,Cortina d'Ampezzo,46.54,12.135,1220.0,Nord,montano,forecast,28.1,12.1,19.9,6.9,14.3
2026-06-21,N11,Aosta,45.737,7.32,585.0,Nord,montano,forecast,37.4,18.3,27.1,0.0,23.8
2026-06-21,N12,Sestriere,44.957,6.879,2038.0,Nord,montano,forecast,23.4,10.8,16.9,0.2,15.9
2026-06-21,N13,Cuneo,44.39,7.551,542.0,Nord,rurale,forecast,34.0,20.1,26.9,0.0,24.1
2026-06-21,N14,Cremona,45.133,10.022,53.0,Nord,rurale,forecast,35.2,22.6,29.0,0.0,13.6
2026-06-21,S01,Napoli,40.852,14.268,19.0,Sud,urbano,forecast,32.3,23.4,28.0,0.0,14.1
2026-06-21,S02,Bari,41.117,16.872,9.0,Sud,urbano,forecast,29.4,20.7,26.0,0.0,12.3
2026-06-21,S03,Lecce,40.352,18.174,55.0,Sud,urbano,forecast,31.0,20.1,26.0,0.0,16.7
2026-06-21,S05,Crotone,39.081,17.127,11.0,Sud,costiero,forecast,30.7,22.4,27.0,0.0,14.3
2026-06-21,S08,Potenza,40.642,15.805,760.0,Sud,montano,forecast,30.6,18.4,24.4,0.0,20.4
2026-06-21,S09,Campobasso,41.56,14.659,708.0,Sud,montano,forecast,32.1,17.1,24.8,0.0,14.8
2026-06-21,S10,Camigliatello Silano,39.299,16.46,1841.0,Sud,montano,forecast,21.4,11.4,16.2,0.0,12.3
2026-06-21,S11,Matera,40.666,16.604,407.0,Sud,rurale,forecast,33.7,18.8,26.6,0.0,18.9
2026-06-21,S12,Benevento,41.13,14.783,162.0,Sud,rurale,forecast,37.3,15.1,26.7,0.0,12.5
2026-06-22,C02,Firenze,43.77,11.255,67.0,Centro,urbano,forecast,37.3,20.6,29.3,0.0,14.3
2026-06-22,C03,Perugia,43.11,12.389,485.0,Centro,urbano,forecast,32.8,18.9,26.2,0.0,19.5
2026-06-22,C04,Pescara,42.464,14.214,8.0,Centro,costiero,forecast,31.4,20.5,27.0,0.0,14.9
2026-06-22,C05,Ancona,43.616,13.519,33.0,Centro,costiero,forecast,30.5,25.0,27.9,0.0,16.7
2026-06-22,C06,Grosseto,42.76,11.113,15.0,Centro,costiero,forecast,37.4,22.0,30.0,0.2,19.6
2026-06-22,C07,San Benedetto del Tronto,42.948,13.881,9.0,Centro,costiero,forecast,31.7,23.1,28.1,0.0,18.3
2026-06-22,C10,Rieti,42.404,12.862,399.0,Centro,montano,forecast,33.2,19.6,25.6,0.8,12.3
2026-06-22,C11,Viterbo,42.42,12.105,347.0,Centro,rurale,forecast,33.4,22.5,27.4,0.4,15.9
2026-06-22,C12,Siena,43.319,11.331,347.0,Centro,rurale,forecast,34.7,19.5,27.3,0.0,15.2
2026-06-22,I01,Palermo,38.116,13.361,31.0,Isole,costiero,forecast,30.3,22.4,26.8,0.0,9.7
2026-06-22,I04,Enna,37.567,14.275,926.0,Isole,montano,forecast,31.4,15.9,23.6,0.0,20.0
2026-06-22,I05,Nicolosi (Etna),37.616,15.024,723.0,Isole,montano,forecast,29.0,19.6,24.6,0.0,17.6
2026-06-22,I06,Cagliari,39.224,9.122,33.0,Isole,costiero,forecast,33.0,22.2,27.3,0.0,18.2
2026-06-22,I07,Sassari,40.727,8.56,213.0,Isole,rurale,forecast,31.6,20.8,26.3,0.0,19.2
2026-06-22,I08,Nuoro,40.321,9.33,535.0,Isole,montano,forecast,32.4,19.2,26.3,0.0,18.9
2026-06-22,I09,Olbia,40.923,9.499,10.0,Isole,costiero,forecast,35.3,22.6,29.5,0.0,16.7
2026-06-22,I10,Fonni,40.117,9.262,909.0,Isole,montano,forecast,31.9,18.9,25.4,0.0,16.2
2026-06-22,N01,Milano,45.464,9.19,142.0,Nord,urbano,forecast,35.6,24.6,30.1,0.0,14.3
2026-06-22,N02,Torino,45.07,7.687,239.0,Nord,urbano,forecast,35.9,24.7,30.2,0.1,10.3
2026-06-22,N03,Bologna,44.494,11.343,74.0,Nord,urbano,forecast,35.6,23.8,29.7,0.0,10.0
2026-06-22,N04,Venezia,45.44,12.316,6.0,Nord,costiero,forecast,33.8,24.1,28.9,0.0,33.2
2026-06-22,N05,Genova,44.405,8.946,11.0,Nord,costiero,forecast,30.4,24.1,27.0,2.2,14.1
2026-06-22,N06,Trieste,45.649,13.776,27.0,Nord,costiero,forecast,35.1,23.7,28.3,1.6,42.7
2026-06-22,N09,Bolzano,46.498,11.354,279.0,Nord,montano,forecast,37.4,20.8,29.0,0.1,11.7
2026-06-22,N10,Cortina d'Ampezzo,46.54,12.135,1220.0,Nord,montano,forecast,27.9,12.3,20.3,0.2,7.4
2026-06-22,N11,Aosta,45.737,7.32,585.0,Nord,montano,forecast,36.7,19.6,27.8,0.0,27.7
2026-06-22,N12,Sestriere,44.957,6.879,2038.0,Nord,montano,forecast,23.5,11.4,16.7,19.0,23.1
2026-06-22,N13,Cuneo,44.39,7.551,542.0,Nord,rurale,forecast,34.6,22.2,27.8,0.1,21.7
2026-06-22,N14,Cremona,45.133,10.022,53.0,Nord,rurale,forecast,36.4,23.2,29.7,0.0,8.7
2026-06-22,S01,Napoli,40.852,14.268,19.0,Sud,urbano,forecast,32.3,23.8,28.5,0.0,13.1
2026-06-22,S02,Bari,41.117,16.872,9.0,Sud,urbano,forecast,29.8,21.3,26.2,0.0,12.6
2026-06-22,S03,Lecce,40.352,18.174,55.0,Sud,urbano,forecast,30.5,21.4,26.1,0.0,20.0
2026-06-22,S05,Crotone,39.081,17.127,11.0,Sud,costiero,forecast,31.8,22.6,27.8,0.0,15.0
2026-06-22,S08,Potenza,40.642,15.805,760.0,Sud,montano,forecast,30.4,17.5,23.8,0.0,11.3
2026-06-22,S09,Campobasso,41.56,14.659,708.0,Sud,montano,forecast,29.9,18.0,24.3,0.0,18.1
2026-06-22,S10,Camigliatello Silano,39.299,16.46,1841.0,Sud,montano,forecast,21.7,11.5,16.1,5.8,12.0
2026-06-22,S11,Matera,40.666,16.604,407.0,Sud,rurale,forecast,32.9,19.7,26.8,0.0,16.4
2026-06-22,S12,Benevento,41.13,14.783,162.0,Sud,rurale,forecast,36.3,16.7,26.5,0.3,16.6
2026-06-23,C02,Firenze,43.77,11.255,67.0,Centro,urbano,forecast,36.3,20.3,29.0,0.0,6.9
2026-06-23,C03,Perugia,43.11,12.389,485.0,Centro,urbano,forecast,33.5,18.7,26.3,0.0,17.8
2026-06-23,C04,Pescara,42.464,14.214,8.0,Centro,costiero,forecast,32.5,22.3,27.7,0.0,12.8
2026-06-23,C05,Ancona,43.616,13.519,33.0,Centro,costiero,forecast,31.4,25.3,28.3,0.0,12.0
2026-06-23,C06,Grosseto,42.76,11.113,15.0,Centro,costiero,forecast,35.3,21.0,28.3,0.1,19.8
2026-06-23,C07,San Benedetto del Tronto,42.948,13.881,9.0,Centro,costiero,forecast,32.1,24.8,28.7,0.0,13.2
2026-06-23,C10,Rieti,42.404,12.862,399.0,Centro,montano,forecast,33.6,18.4,25.3,1.0,15.1
2026-06-23,C11,Viterbo,42.42,12.105,347.0,Centro,rurale,forecast,33.7,21.6,26.6,0.4,16.8
2026-06-23,C12,Siena,43.319,11.331,347.0,Centro,rurale,forecast,33.7,20.2,27.2,0.2,9.9
2026-06-23,I01,Palermo,38.116,13.361,31.0,Isole,costiero,forecast,29.7,23.3,26.9,0.0,9.7
2026-06-23,I04,Enna,37.567,14.275,926.0,Isole,montano,forecast,31.1,16.9,23.3,1.5,21.3
2026-06-23,I05,Nicolosi (Etna),37.616,15.024,723.0,Isole,montano,forecast,28.8,20.2,24.5,0.2,15.5
2026-06-23,I06,Cagliari,39.224,9.122,33.0,Isole,costiero,forecast,31.1,22.9,27.0,0.0,16.3
2026-06-23,I07,Sassari,40.727,8.56,213.0,Isole,rurale,forecast,33.3,21.1,27.2,0.0,22.5
2026-06-23,I08,Nuoro,40.321,9.33,535.0,Isole,montano,forecast,30.4,20.0,25.4,0.0,21.1
2026-06-23,I09,Olbia,40.923,9.499,10.0,Isole,costiero,forecast,31.9,23.2,28.1,0.0,15.7
2026-06-23,I10,Fonni,40.117,9.262,909.0,Isole,montano,forecast,30.5,18.7,24.0,0.3,16.3
2026-06-23,N01,Milano,45.464,9.19,142.0,Nord,urbano,forecast,35.3,23.6,30.1,1.8,12.6
2026-06-23,N02,Torino,45.07,7.687,239.0,Nord,urbano,forecast,36.0,24.9,30.3,0.4,9.2
2026-06-23,N03,Bologna,44.494,11.343,74.0,Nord,urbano,forecast,35.9,23.6,29.9,0.0,10.5
2026-06-23,N04,Venezia,45.44,12.316,6.0,Nord,costiero,forecast,33.0,23.6,28.1,0.2,18.3
2026-06-23,N05,Genova,44.405,8.946,11.0,Nord,costiero,forecast,31.9,25.3,29.1,0.0,14.1
2026-06-23,N06,Trieste,45.649,13.776,27.0,Nord,costiero,forecast,32.3,25.5,28.4,0.8,10.9
2026-06-23,N09,Bolzano,46.498,11.354,279.0,Nord,montano,forecast,36.6,21.2,28.8,0.0,10.8
2026-06-23,N10,Cortina d'Ampezzo,46.54,12.135,1220.0,Nord,montano,forecast,27.2,14.0,19.8,6.2,12.1
2026-06-23,N11,Aosta,45.737,7.32,585.0,Nord,montano,forecast,36.5,19.1,27.5,0.0,18.8
2026-06-23,N12,Sestriere,44.957,6.879,2038.0,Nord,montano,forecast,22.8,12.6,16.8,6.6,20.8
2026-06-23,N13,Cuneo,44.39,7.551,542.0,Nord,rurale,forecast,34.5,20.1,27.7,0.0,17.6
2026-06-23,N14,Cremona,45.133,10.022,53.0,Nord,rurale,forecast,35.8,23.8,29.7,0.0,14.5
2026-06-23,S01,Napoli,40.852,14.268,19.0,Sud,urbano,forecast,34.3,23.7,28.8,0.9,11.0
2026-06-23,S02,Bari,41.117,16.872,9.0,Sud,urbano,forecast,30.4,24.0,27.4,0.0,14.4
2026-06-23,S03,Lecce,40.352,18.174,55.0,Sud,urbano,forecast,31.7,22.8,27.1,0.0,19.9
2026-06-23,S05,Crotone,39.081,17.127,11.0,Sud,costiero,forecast,32.9,24.3,28.3,0.0,12.7
2026-06-23,S08,Potenza,40.642,15.805,760.0,Sud,montano,forecast,28.5,16.7,22.5,1.0,16.5
2026-06-23,S09,Campobasso,41.56,14.659,708.0,Sud,montano,forecast,29.2,17.3,23.5,0.0,19.6
2026-06-23,S10,Camigliatello Silano,39.299,16.46,1841.0,Sud,montano,forecast,20.8,11.8,15.4,5.1,12.1
2026-06-23,S11,Matera,40.666,16.604,407.0,Sud,rurale,forecast,32.4,21.6,26.9,0.0,19.1
2026-06-23,S12,Benevento,41.13,14.783,162.0,Sud,rurale,forecast,34.6,16.8,25.5,0.6,17.1
